city_id,country,district_id,latitude,longitude,name,nr_hotels
1456928,fr,1,48.8630297608954,2.3399184771677,1st arr.,261
1456928,fr,2,48.8678666848111,2.3460338586984,2nd arr.,456
1456928,fr,3,48.8636984639797,2.35878774408308,3rd arr.,347
1456928,fr,4,48.8559790852484,2.35704187008135,4th arr.,226
1456928,fr,5,48.8460372161442,2.34851572198992,5th arr.,242
1456928,fr,6,48.850997493369,2.3336970161001,6th arr.,253
1456928,fr,7,48.8563427247633,2.31065842819369,7th arr.,216
1456928,fr,8,48.8723475011558,2.31069235512611,8th arr.,420
1456928,fr,9,48.8764856234716,2.33567546482719,9th arr.,379
1456928,fr,10,48.874824310019,2.35920436143531,10th arr.,368
1456928,fr,11,48.8595256480553,2.37771903216842,11th arr.,360
1456928,fr,12,48.8443653444985,2.38556280531803,12th arr.,207
1456928,fr,13,48.8294246470196,2.35854091356233,13th arr.,161
1456928,fr,14,48.8319944066354,2.32479578382463,14th arr.,213
1456928,fr,15,48.8434875810464,2.29620294563328,15th arr.,433
1456928,fr,16,48.86060865897,2.28024300440956,16th arr.,371
1456928,fr,17,48.8847578517485,2.30794403658633,17th arr.,338
1456928,fr,18,48.8887070486857,2.34248648951515,18th arr.,356
1456928,fr,19,48.8837568742594,2.3820234079455,19th arr.,144
1456928,fr,20,48.8645651855121,2.39690393560193,20th arr.,137
2601889,gb,28,51.5103537482226,-0.147894734240998,Mayfair,123
2601889,gb,29,51.4953794967602,-0.18942994896256,Kensington,401
2601889,gb,30,51.488789509957,-0.172184589719212,Chelsea,217
2601889,gb,31,51.512739553862,-0.124460609326958,Covent Garden,108
2601889,gb,32,51.5106345952216,-0.151472023452807,Westminster Borough,1468
2601889,gb,33,51.5053073073331,-0.129795893630004,St James,173
2601889,gb,34,51.5195078230056,-0.158655371041278,Marylebone,265
2601889,gb,35,51.4991773369322,-0.164266762764565,Knightsbridge,49
2601889,gb,36,51.4964062552244,-0.153617100136585,Belgravia,35
2601889,gb,37,51.4850580897923,0.0291237895477883,Greenwich,177
2601889,gb,38,51.5113330983582,-0.0764455739725129,Tower Hill,52
2601889,gb,39,51.5133991544725,-0.134643088734166,Soho,97
2601889,gb,41,51.4440281000743,-0.15210429202627,Balham,32
2601889,gb,42,51.5139083336788,-0.186979287957427,Bayswater,285
2601889,gb,43,51.5162428165688,-0.175101785411815,Paddington,137
2601889,gb,44,51.5092237398566,-0.168761247956132,Hyde Park,359
2601889,gb,45,51.5132817514725,-0.203518994226862,Notting Hill,108
2601889,gb,46,51.5027656522476,-0.200942524012191,Holland Park,32
2601889,gb,47,51.5141172014248,-0.0903643798162881,City of London,152
2601889,gb,48,51.4998376149225,-0.016346136496238,Canary Wharf and Docklands,136
2601889,gb,50,51.5114040138407,-0.26374589835549,Acton,74
2601889,gb,51,51.4920383598486,0.118136082370007,Abbey Wood,9
2601889,gb,52,51.4102011446715,-0.0619985426170392,Anerley,1
2601889,gb,54,51.5227910590653,-0.12464312069317,Bloomsbury,155
2601889,gb,55,51.4670207316833,-0.0347216907583136,Brockley,19
2601889,gb,56,51.4653560685991,0.00744988189769154,Blackheath,5
2601889,gb,57,51.5258816298703,-0.0489820205618074,Bethnal Green,23
2601889,gb,58,51.4962956496521,-0.0727735292793201,Bermondsey,87
2601889,gb,59,51.4695910466624,-0.233253769666386,Barnes,23
2601889,gb,61,51.4758218066635,-0.160758281613252,Battersea,97
2601889,gb,62,51.4604238329374,-0.113803323618984,Brixton,48
2601889,gb,63,51.4746861567883,-0.0913057351206618,Camberwell,39
2601889,gb,64,51.5395741748127,-0.147212995351764,Camden Town,38
2601889,gb,66,51.4628038577876,-0.153047796635088,Clapham,61
2601889,gb,67,51.4906491828929,-0.263330434776617,Chiswick,28
2601889,gb,68,51.4864588496398,0.0376863605170595,Charlton,21
2601889,gb,70,51.5565936938319,-0.0532996248471097,Clapton,49
2601889,gb,71,51.4474107831075,-0.0783386633833157,Dulwich,7
2601889,gb,72,51.4831813392611,-0.0270346964350346,Deptford,60
2601889,gb,74,51.5120781742004,-0.27847498872575,Ealing,136
2601889,gb,75,51.4920357723063,-0.193443775983919,Earls Court,112
2601889,gb,79,51.5196904987638,-0.137421424411359,Fitzrovia,126
2601889,gb,80,51.4398846737884,-0.0507750714462667,Forest Hill,6
2601889,gb,81,51.6136748125043,-0.141619821818687,Friern Barnet,1
2601889,gb,82,51.4764743358075,-0.198165344859988,Fulham,148
2601889,gb,83,51.5751090497072,-0.201348467590426,Golders Green,54
2601889,gb,84,51.5425816679781,-0.073346762881993,Hackney,261
2601889,gb,85,51.4933097314325,-0.217942855211756,Hammersmith,166
2601889,gb,86,51.5498098024047,-0.174348661748783,Hampstead,98
2601889,gb,90,51.4564206668882,-0.0971854183537188,Herne Hill,6
2601889,gb,91,51.5572086488425,-0.101537697815094,Highbury,32
2601889,gb,92,51.571999844948,-0.141026770750546,Highgate,18
2601889,gb,96,51.5415492559223,-0.107137678873569,Islington,352
2601889,gb,97,51.530786766719,-0.176226316689951,St Johns Wood,69
2601889,gb,102,51.5291333737446,-0.123717254923931,Kings Cross St Pancras,154
2601889,gb,103,51.4742090210529,-0.120177704817654,Lambeth,354
2601889,gb,104,51.4507855919906,0.0111798098911573,Lee,5
2601889,gb,105,51.4636492978527,-0.0259474209151541,Lewisham,141
2601889,gb,107,51.5292531408042,-0.187949823895713,Maida Vale,40
2601889,gb,109,51.4689283045064,-0.267978632822312,Mortlake,12
2601889,gb,110,51.5944744719669,-0.146160386603944,Muswell Hill,16
2601889,gb,113,51.4109973839772,-0.0824520115239499,Norwood,5
2601889,gb,115,51.4779144814983,-0.0683390790039075,Peckham,25
2601889,gb,116,51.5107910549163,-0.135957809081967,Piccadilly,73
2601889,gb,117,51.4609799457239,-0.227017324297562,Putney,25
2601889,gb,119,51.5070187606821,-0.231018584543542,Shepherds Bush,64
2601889,gb,120,51.527037561414,-0.0801884898330141,Shoreditch,148
2601889,gb,122,51.4913524635378,-0.0820290907421845,Southwark,408
2601889,gb,124,51.4281536637464,-0.129665327092892,Streatham,28
2601889,gb,125,51.4264057815344,-0.059442402368107,Sydenham,10
2601889,gb,127,51.4292421057079,-0.168154735494655,Tooting,24
2601889,gb,131,51.5854639867353,-0.0216778773809485,Walthamstow,34
2601889,gb,132,51.4891764238839,-0.0923703542129082,Walworth,41
2601889,gb,133,51.4606411314087,-0.173057334862126,Wandsworth,341
2601889,gb,134,51.5065222544283,-0.0626383508397445,Wapping,19
2601889,gb,135,51.5571159344258,-0.285693511775331,Wembley,58
2601889,gb,136,51.5134000994061,-0.136340989554607,West End,604
2601889,gb,138,51.5161584017882,-0.0670979697020637,Whitechapel,190
2601889,gb,139,51.5102983074989,-0.12086033821106,Whitehall,1
2601889,gb,144,51.4914670086735,0.0656332808434667,Woolwich,38
2140479,nl,145,52.3693753616596,4.8949045725787,Amsterdam City Centre,564
2140479,nl,146,52.3966619033254,4.91868421530016,Amsterdam Noord,79
2140479,nl,147,52.3540683723901,4.88235577364518,Oud Zuid,115
2140479,nl,148,52.3683852045041,4.85582364745676,De Baarsjes,9
2140479,nl,149,52.3783392186063,4.85298947141653,Bos en Lommer,11
2140479,nl,150,52.3791281126406,4.81443901819824,Geuzenveld-Slotermeer,13
2140479,nl,151,52.3520409096552,4.92278429754445,Oost,34
2140479,nl,152,52.3540328405515,4.79388592476625,Osdorp,12
2140479,nl,153,52.3646265573088,4.86955033843642,Oud-West,65
2140479,nl,154,52.3543994491816,4.83286737401824,Slotervaart,16
2140479,nl,155,52.3834835169291,4.87608169605237,Westerpark,21
2140479,nl,156,52.3925654471122,4.84634477165641,Westpoort,15
2140479,nl,157,52.3699663894704,4.93720055578015,Zeeburg,25
2140479,nl,158,52.3364984074157,4.87910955720316,Zuideramstel,34
2140479,nl,159,52.3102358222538,4.9489446347445,Zuidoost,15
2140479,nl,160,52.3107820506456,4.94864096601266,Bijlmermeer,17
2140479,nl,161,52.3547546577188,4.89515206463501,De Pijp,45
2140479,nl,162,52.3745087605755,4.88144495934334,Jordaan,52
2140479,nl,163,52.3731198332995,4.89759429752135,Red Light District,40
2140479,nl,164,52.3564217460442,4.99392973432646,IJburg,23
372490,es,166,41.3820699155735,2.17609367851294,Ciutat Vella,471
372490,es,167,41.3915779945786,2.16578819042503,Eixample,1172
372490,es,168,41.4039515424473,2.15842306105106,Gràcia,220
372490,es,169,41.4189079624078,2.1653942960012,Horta-Guinardó,68
372490,es,170,41.3855750149969,2.12925090901644,Les Corts,57
372490,es,171,41.4366829266026,2.17678089088021,Nou Barris,19
372490,es,172,41.4267064930315,2.18745269931618,Sant Andreu,21
372490,es,173,41.4029497621553,2.19778976544234,Sant Martí,240
372490,es,174,41.3726358493476,2.1501186129711,Sants-Montjuïc,263
372490,es,175,41.4006138941118,2.14117290275558,Sarrià-St. Gervasi,131
390625,es,176,40.4168904483529,-3.70373832338016,Centro,2166
390625,es,177,40.4021283245881,-3.69931140366101,Arganzuela,176
390625,es,178,40.4112497150967,-3.67803096751209,Retiro,113
390625,es,179,40.4285063259995,-3.67801010822039,Salamanca,287
390625,es,180,40.4514602548718,-3.67832832563985,Chamartín,96
390625,es,181,40.458100770445,-3.69993132203201,Tetuan,147
390625,es,182,40.4350724563593,-3.70341666436763,Chamberi,168
390625,es,183,40.4880292741325,-3.70205305950039,Fuencarral-El Pardo,44
390625,es,184,40.4433186482208,-3.73241111472527,Moncloa-Aravaca,98
390625,es,185,40.3932068562824,-3.75551947180184,Latina,55
390625,es,186,40.3885670520949,-3.72960264718362,Carabanchel,68
390625,es,187,40.3816033080495,-3.70286312276581,Usera,56
390625,es,188,40.3928893051182,-3.66189595140769,Puente de Vallecas,84
390625,es,189,40.4062458412173,-3.64751483264051,Moratalaz,7
390625,es,190,40.4380727042296,-3.65029154150365,Ciudad Lineal,94
390625,es,191,40.4718480283006,-3.64489615299926,Hortaleza,75
390625,es,192,40.3487008043657,-3.69538650447357,Villaverde,15
390625,es,193,40.3710455144348,-3.61955439133792,Villa de Vallecas,15
390625,es,194,40.4028363233572,-3.60473280185623,Vicálvaro,3
390625,es,195,40.439323584392,-3.60314488464252,San Blas,62
390625,es,196,40.4667850050802,-3.58489078776031,Barajas,39
1746443,de,197,52.5062757751812,13.3586360391645,Tiergarten,46
1746443,de,199,52.5074534773768,13.310952679105,Charlottenburg,168
1746443,de,200,52.5233869352833,13.3873739965859,Mitte,386
1746443,de,201,52.4992343342824,13.4022267192587,Kreuzberg,79
1746443,de,202,52.4928312582836,13.3193103791548,Wilmersdorf,64
126693,it,203,41.8781039689006,12.4802545627201,Aventino,142
126693,it,204,41.8897167967383,12.4695597615116,Trastevere,608
126693,it,205,41.8977045035696,12.4705981591923,Navona,805
126693,it,208,41.9056995089882,12.4795287111577,Spagna,693
126693,it,209,41.8951332965649,12.5047938567333,Esquilino,428
126693,it,211,41.901547867056,12.4854784964348,Trevi,289
126693,it,212,41.9223509413736,12.476268804091,Villa Borghese Parioli,160
126693,it,213,41.9009231547154,12.4936437652121,Repubblica,191
126693,it,214,41.8813241521531,12.5125596420872,San Giovanni,302
126693,it,215,41.8969002404574,12.4773380725488,Pantheon,396
126693,it,217,41.8974626755332,12.5154833929551,San Lorenzo,74
2144027,nl,219,51.4449373873115,5.43307982813983,Strijp,9
2144027,nl,220,51.4785470355135,5.47057234413819,Woensel-Noord,6
2144027,nl,221,51.4556107807439,5.46987250629273,Woensel-Zuid,4
2144027,nl,222,51.4432526905155,5.50994297433262,Tongelre,10
2144027,nl,223,51.4379697128995,5.47858128608111,Eindhoven City Centre,29
2144027,nl,224,51.425087442339,5.46382701188743,Gestel,2
2144027,nl,225,51.4261787192471,5.49247627006544,Stratum,7
1829149,de,227,48.1513895289115,11.6274502176053,Bogenhausen,20
1829149,de,228,48.1291299274878,11.5941853864551,Au-Haidhausen,25
1829149,de,229,48.1477923345942,11.566056460172,Maxvorstadt,43
1829149,de,230,48.1684399534349,11.5820295324886,Schwabing,47
553173,cz,255,50.0851114398585,14.4209155844711,Prague 1,934
553173,cz,256,50.0742940776702,14.4316568667367,Prague 2,256
553173,cz,257,50.084011610329,14.4569912992587,Prague 3,142
553173,cz,258,50.0510642186924,14.4397748514857,Prague 4,71
553173,cz,259,50.0633504137026,14.3845839997717,Prague 5,200
553173,cz,260,50.0953147324268,14.3693425757522,Prague 6,76
553173,cz,261,50.1035746934663,14.43635663773,Prague 7,62
553173,cz,262,50.1010964872384,14.4547658860096,Prague 8,119
553173,cz,263,50.1112387026117,14.498546675964,Prague 9,36
553173,cz,265,50.0324302262593,14.5036074045169,Prague 11,12
553173,cz,268,50.1033693294385,14.5565187540002,Prague 14,13
553173,cz,270,50.0878611964632,14.4215848415469,Old Town (Stare Mesto),397
553173,cz,271,50.0863222049758,14.4045385146006,Lesser Quarter (Mala Strana),124
553173,cz,272,50.0906066567326,14.3949605214361,Hradcany,16
1995499,at,273,48.2089092693621,16.3715679395304,01. Innere Stadt,230
1995499,at,274,48.218946370929,16.3890393297719,02. Leopoldstadt,246
1995499,at,275,48.1986251286664,16.393768149167,03. Landstraße,257
1995499,at,276,48.1927326247541,16.3697818602834,04. Wieden,95
1995499,at,277,48.1877791859512,16.3568058551445,05. Margareten,118
1995499,at,278,48.1953037762586,16.3501571455952,06. Mariahilf,89
1995499,at,279,48.2029438471859,16.3463680831301,07. Neubau,99
1995499,at,280,48.2106738291414,16.3490765115235,08. Josefstadt,55
1995499,at,281,48.221645049716,16.3578182902121,09. Alsergrund,122
1995499,at,282,48.1725261918483,16.3765912243768,10. Favoriten,297
1995499,at,283,48.1739777645998,16.4208804400472,11. Simmering,44
1995499,at,284,48.1788683287699,16.3313416363585,12. Meidling,133
1995499,at,285,48.1836607539799,16.2851057191897,13. Hietzing,30
1995499,at,286,48.1980768353286,16.288290436267,14. Penzing,58
1995499,at,287,48.1942021896825,16.3288558889269,15. Rudolfsheim-Fünfhaus,176
1995499,at,288,48.210873980986,16.3233626183681,16. Ottakring,131
1995499,at,289,48.2201833632955,16.3267177690332,17. Hernals,65
1995499,at,290,48.2265859104504,16.3392976801435,18. Währing,75
1995499,at,291,48.2464640727558,16.3443499395282,19. Döbling,46
1995499,at,292,48.2341771637701,16.3760229806307,20. Brigittenau,129
1995499,at,293,48.267347536134,16.4115570019622,21. Floridsdorf,47
1995499,at,294,48.2354039444221,16.4479511035175,22. Donaustadt,120
1995499,at,295,48.1432642432654,16.2997442610551,23. Liesing,20
2554935,ch,296,47.3736172325221,8.54177969653081,City Centre,79
2554935,ch,297,47.3410589929513,8.5302747188738,Wollishofen,5
2554935,ch,298,47.3673655051684,8.51615492300536,Wiedikon,27
2554935,ch,299,47.3769064510856,8.52317532829933,Aussersihl,31
2554935,ch,300,47.3865605154663,8.52335252236006,Escher Wyss,19
2554935,ch,301,47.3699823175213,8.56303520858232,Zürichberg,15
2554935,ch,302,47.387251274947,8.54007290493474,Unterstrass,11
2554935,ch,303,47.3593561803024,8.55460174541902,Seefeld,25
2554935,ch,304,47.386912866255,8.4896263132721,Altstetten,10
2554935,ch,305,47.3939752667373,8.5241560803226,Wipkingen,3
2554935,ch,306,47.4149826293209,8.53902278516843,Zürich Nord,29
246227,jp,308,35.6927029037616,139.767983377008,Chiyoda,134
246227,jp,309,35.6778274765491,139.776974558864,Chuo Ward,198
246227,jp,310,35.636870212894,139.700296318712,Meguro Ward,18
246227,jp,311,35.6600337131515,139.736913294986,Minato,232
246227,jp,312,35.7002790268781,139.671414360538,Nakano,65
246227,jp,313,35.6480569015525,139.661083090997,Setagaya,76
246227,jp,314,35.6680673354725,139.695176750508,Shibuya Ward,201
246227,jp,315,35.614821958012,139.727533425535,Shinagawa Ward,110
246227,jp,316,35.6990924620736,139.704000621654,Shinjuku Ward,457
246227,jp,317,35.6957457030813,139.642236961347,Suginami Ward,43
246227,jp,318,35.707279832421,139.810265395091,Sumida Ward,305
246227,jp,319,35.7327105898411,139.717217922903,Toshima,248
246227,jp,320,35.7131648855605,139.787761860419,Taito,506
1448468,fr,321,45.7783985312582,4.80784622456032,9th arr.,48
1448468,fr,322,45.7392351571682,4.86991321255226,8th arr.,47
1448468,fr,323,45.7469922151022,4.84209993907431,7th arr.,105
1448468,fr,324,45.7682343626668,4.85178748771611,6th arr.,92
1448468,fr,325,45.7607218387206,4.82154815590274,5th arr.,128
1448468,fr,326,45.7773920421099,4.82989074388415,4th arr.,40
1448468,fr,327,45.7564165821134,4.85748665056959,3rd arr.,185
1448468,fr,328,45.7555017798372,4.83020720441526,2nd arr.,227
1448468,fr,329,45.7693488324211,4.83254200869217,1st arr.,150
1746443,de,330,52.4926565455624,13.3505146990061,Schöneberg,67
1353149,hk,331,22.2787721858553,114.171975669932,Hong Kong Island,131
1353149,hk,332,22.3066289746314,114.172825064267,Kowloon,286
2601889,gb,333,51.4948511395474,-0.173707220300219,South Kensington,290
2601889,gb,334,51.5242736095402,-0.108443628901355,Clerkenwell,118
2601889,gb,336,51.4899404525065,-0.140416551434892,Pimlico,133
2601889,gb,337,51.5006088657706,-0.114332826788081,Waterloo,32
2601889,gb,338,51.5147724444446,-0.145372276717982,Oxford Street,195
2601889,gb,339,51.5096638410465,-0.12404539598307,The Strand,64
2601889,gb,340,51.5184809304111,-0.0729970742665598,Spitalfields,98
2601889,gb,342,51.5249103659748,-0.156260723037262,Regent's Park,154
2601889,gb,343,51.4932869401643,-0.141163933677391,Victoria,171
1746443,de,345,52.512390139774,13.4535406671841,Friedrichshain,116
1746443,de,346,52.516226275093,13.4954159083482,Lichtenberg,42
1746443,de,349,52.5874532986766,13.3183091013866,Reinickendorf,29
1746443,de,351,52.5333293997729,13.1951362304089,Spandau,32
1746443,de,353,52.5032199179034,13.5819661617279,Kaulsdorf,1
1746443,de,354,52.4336608500044,13.5817033571747,Treptow-Köpenick,74
1746443,de,357,52.4700396939636,13.443782034832,Neukölln,72
1746443,de,358,52.5719278768298,13.4345156888973,Pankow,59
1746443,de,359,52.5391512472544,13.4193017013279,Prenzlauer Berg,116
1746443,de,360,52.4572157097859,13.3293710583526,Steglitz,10
1746443,de,361,52.4702815725983,13.3849074632188,Tempelhof,13
1746443,de,362,52.421914006996,13.1638118291421,Wannsee,6
1746443,de,363,52.5530056449797,13.4535879909065,Weißensee,22
1771148,de,395,50.1445855532512,8.75478413492625,Bergen Enkheim,5
1771148,de,396,50.1113735837475,8.68272484008889,Frankfurt City Centre (Old Town),28
1771148,de,402,50.1054894175679,8.64170290350542,Gallusviertel,38
1771148,de,406,50.125309051173,8.68793718426494,Nordend,11
1771148,de,407,50.1141932459959,8.71267127669852,Ostend,21
1771148,de,411,50.1177665797814,8.66326340632574,Westend,23
1785434,de,430,53.5509408666016,9.98246549256371,Hamburg Neustadt,28
1785434,de,432,53.6199758233725,10.0112056643403,Hamburg Nord,34
1785434,de,434,53.5552672529466,10.0124298329532,St. Georg,67
1785434,de,435,53.5516840704802,9.96427916191789,St. Pauli,48
1785434,de,438,53.5490469640274,9.9945862635543,Hamburg Altstadt,19
1829149,de,456,48.1172485376529,11.5441143730909,Sendling,11
1750167,de,458,50.684647831968,7.15325970436454,Bad Godesberg,23
1750167,de,459,50.7229985108858,7.11324915289879,Gronau,1
1750167,de,460,50.7042756532174,7.05402597784996,Hardtberg,1
1750167,de,461,50.7276737938776,7.14698731899261,Küdinghoven,1
1750167,de,462,50.7145927171388,7.10528700491709,Kessenich,5
1750167,de,463,50.7394458693447,7.09114544508836,Nordstadt,6
1750167,de,464,50.731380215194,7.09404807507887,Weststadt,2
1750167,de,465,50.7362121723833,7.10081136537174,Bonn City Centre,20
1762397,de,466,51.2032413800106,6.77791917719336,Bilk,16
1762397,de,467,51.2386549518665,6.80288818480815,Düsseltal,8
1762397,de,468,51.2477869100864,6.78320926405658,Derendorf,13
1762397,de,469,51.201418230383,6.83536543007106,Eller,6
1762397,de,470,51.2290069473068,6.81173615154319,Flingern-Nord,8
1762397,de,471,51.2154597606076,6.78553225179357,Friedrichstadt,30
1762397,de,472,51.2486206305846,6.76711597954802,Golzheim,9
1762397,de,473,51.2419405057491,6.82431202964112,Grafenberg,1
1762397,de,474,51.2150459764369,6.74807503650037,Hafen,5
1762397,de,475,51.2972978388471,6.74050427953638,Kaiserswerth,7
1762397,de,476,51.2765051546983,6.74228903125193,Lohausen,16
1762397,de,477,51.2544059308853,6.80848977951003,Mörsenbroich,13
1762397,de,479,51.2143872813612,6.7996469254839,Oberbilk,26
1762397,de,480,51.2380551925705,6.78363781940697,Pempelfort,25
1762397,de,481,51.2422941035076,6.73856869339943,Seestern,1
1762397,de,482,51.2635556002097,6.75213187082213,Stockum,18
1762397,de,483,51.269167202679,6.77706194615864,Unterrath,22
1762397,de,484,51.1870142425811,6.76375898475353,Volmerswerth,1
1771148,de,486,50.1190781086983,8.6372414323672,Bockenheim,18
1771148,de,487,50.1303515552689,8.71085363547608,Bornheim,1
1771148,de,489,50.1589092280343,8.63912405864417,Heddernheim,2
1771148,de,490,50.0833205178556,8.63856052231419,Niederrad,9
1771148,de,491,50.1268005950464,8.60807223718526,Rödelheim,9
1771148,de,492,50.1149809564516,8.69317619826178,Zeil,2
1785434,de,493,53.5676608585182,9.9864517012458,Rothenbaum,29
1785434,de,494,53.6092045391849,10.0104004395686,Alsterdorf,1
1785434,de,495,53.5564240350066,9.94615300741853,Altona,70
1785434,de,496,53.4759736361642,10.1789833702691,Bergedorf,20
1785434,de,499,53.5912846769314,9.97810272371005,Eppendorf,2
1785434,de,500,53.630203163683,10.016420616193,Fuhlsbüttel,6
1785434,de,503,53.5468642851622,10.024355440854,Hammerbrook,13
1785434,de,504,53.4645715575441,9.93489814974772,Harburg,38
1785434,de,505,53.576581123168,9.98777722772144,Harvestehude,4
1785434,de,506,53.5620819601227,10.0255569136445,Hohenfelde,13
1785434,de,507,53.5556420009444,9.84834497247407,Nienstedten,4
1785434,de,508,53.588740531563,9.9298980187707,Stellingen,21
1810561,de,510,50.9487198317827,7.00458387437826,Buchforst,3
1810561,de,511,50.9773285871433,7.07603491240674,Dellbrück,4
1810561,de,512,50.9363979264489,6.97657328899608,Deutz,25
1810561,de,513,50.945935292018,6.91326429218167,Ehrenfeld,12
1810561,de,514,50.9976464185166,6.99165988107043,Flittard,2
1810561,de,515,50.9100959647191,7.0544386950936,Gremberghoven,4
1810561,de,516,50.9411549926899,7.02301904627814,Höhenberg,5
1810561,de,517,50.9244383364513,6.85582084493662,Junkersdorf,5
1810561,de,519,50.9609777691295,7.00261501271242,Mülheim,18
1810561,de,520,50.9468075923246,6.94167602877685,Mediapark,2
1810561,de,521,50.9274231285331,6.94379244759452,Neustadt-Süd,17
1810561,de,522,50.8573138308576,7.09002122282982,Porz-Wahn,1
1810561,de,524,50.8912138475116,6.99653605005056,Rodenkirchen,9
1810561,de,525,50.917119970103,6.92892644687837,Sülz,1
1810561,de,529,50.8615139800968,7.10374203065413,Wahnheide,9
1829149,de,541,48.1334959328008,11.563797919039,Ludwigsvorstadt,125
1829149,de,542,48.1797495949793,11.5229075867762,Moosach,14
1829149,de,543,48.1533306276058,11.5308947623908,Neuhausen - Nymphenburg,23
1829149,de,546,48.1581676557675,11.4662249337953,Pasing - Obermenzing,14
1829149,de,552,48.1380489206739,11.5421047633824,Schwanthalerhöhe,18
1746443,de,559,52.5480163614519,13.3525447802641,Wedding,22
1746443,de,562,52.4359464443891,13.541808460138,Adlershof,3
1746443,de,566,52.4404979109971,13.2862597901472,Steglitz-Zehlendorf,41
1746443,de,567,52.4912505552242,13.2835650444031,Dahlem,1
73635,sg,569,1.30535202321549,103.833985274019,Orchard,42
73635,sg,571,1.30610346491604,103.853950905786,Little India,23
1829149,de,573,48.1369589079662,11.5783243932483,Altstadt-Lehel,41
1829149,de,574,48.1631982197097,11.569765000384,Schwabing-West,10
1829149,de,575,48.1162129807918,11.523663477714,Sendling-Westpark,16
1829149,de,576,48.1861336429432,11.5671634065527,Milbertshofen - Am Hart,15
1829149,de,577,48.1724925216207,11.5921950542904,Schwabing-Freimann,40
1829149,de,578,48.1260577444871,11.6247512817247,Berg am Laim,15
1829149,de,579,48.1282406562188,11.6829254014721,Trudering-Riem,36
1829149,de,582,48.1176921218606,11.48280595893,Hadern,8
1829149,de,585,48.1879064590566,11.4681563515735,Allach-Untermenzing,8
1829149,de,586,48.138212070768,11.5075293362048,Laim,10
1829149,de,587,48.2057746335792,11.540096388151,Feldmoching - Hasenbergl,8
1829149,de,589,48.091355225917,11.5222847542,Thalkirchen - Obersendling - Forstenried - Fürstenried - Solln,35
1762397,de,594,51.2246496841308,6.78892452746192,Stadtmitte,79
1762397,de,595,51.2267130549802,6.77363096597899,Altstadt,36
126693,it,596,41.9129368164788,12.5446286266329,Tiburtino,128
126693,it,607,41.8965307331299,12.4307518769389,Aurelio,290
126693,it,608,41.9076813213308,12.4919799348193,Via Veneto,254
111742,it,610,44.5183990494662,11.2810604005704,Borgo Panigale,32
111742,it,614,44.4890406299594,11.3488990764806,Santo Stefano,172
111742,it,616,44.4928692683913,11.3309510577774,Saragozza,191
132007,it,620,45.4345676748875,12.3341920435269,San Marco,508
132007,it,621,45.4434613270699,12.3302136059127,Cannaregio,629
132007,it,622,45.4326048320605,12.3243442008305,Dorsoduro,257
132007,it,623,45.4396862706131,12.325637839478,Santa Croce,227
132007,it,624,45.4379297134045,12.3301832330743,San Polo,277
132007,it,625,45.434910384723,12.3480274833747,Castello,739
1810561,de,626,50.896852868685,7.07681479867517,Eil,3
1810561,de,627,50.9454472475712,6.94555690869149,Neustadt Nord,19
1810561,de,628,50.940130152292,7.00443059313105,Kalk,11
1810561,de,630,50.911656320345,6.94318154712935,Zollstock,6
1810561,de,631,51.0331452330677,6.94634559952536,Merkenich,1
1810561,de,632,50.9262757621516,6.91726827695405,Lindenthal,3
1810561,de,633,50.878594338784,7.10781811456064,Grengel,6
1955538,be,634,50.837362644682,4.3165804099353,Anderlecht,49
1955538,be,635,50.8158532092655,4.42175194654936,Oudergem / Auderghem,7
1955538,be,636,50.8644924151663,4.30044401580356,Sint-Agatha-Berchem,1
1955538,be,638,50.8264327723022,4.3690575641633,Elsene / Ixelles,117
1955538,be,639,50.8347403200078,4.39179280408561,Etterbeek,24
1955538,be,640,50.8692365158343,4.40703770003946,Evere,5
1955538,be,641,50.8185114258642,4.33405638035788,Vorst / Forest,12
1955538,be,642,50.8723212135079,4.31423754264985,Ganshoren,4
1955538,be,644,50.8625785584892,4.3240860223485,Koekelberg,4
1955538,be,645,50.857696528754,4.32839627468049,Sint-Jans-Molenbeek / Molenbeek-Saint-Jean,20
1955538,be,646,50.8304915213395,4.3484726157677,Sint-Gillis / Saint-Gilles,68
1955538,be,647,50.8540000999953,4.36683729750774,Sint-Joost-ten-Node,31
1955538,be,648,50.8608021418198,4.38167659069854,Schaarbeek / Schaerbeek,41
1955538,be,649,50.8457390951102,4.4218907748776,Sint-Lambrechts-Woluwe / Woluwe-Saint-Lambert,17
1955538,be,650,50.8356327777888,4.43087825080748,Sint-Pieters-Woluwe / Woluwe-Saint-Pierre,10
1955538,be,651,50.799922306012,4.35175149931418,Ukkel / Uccle,14
1955538,be,652,50.8035586970039,4.41172374306887,Watermaal-Bosvoorde / Watermael-Boitsfort,6
1953257,be,653,51.2166664576456,4.4078057826914,Antwerp District,464
1953257,be,654,51.195682961271,4.42889923712512,Berchem,15
1953257,be,655,51.2138816704442,4.4391473401116,Borgerhout,14
1953257,be,657,51.2173400742365,4.46532987997708,Deurne,18
1953257,be,659,51.1795478749915,4.35902636480029,Hoboken,4
1953257,be,660,51.2478149300322,4.44375491671912,Merksem,7
1953257,be,661,51.2150115347185,4.41762516300316,Diamond District,23
1953257,be,664,51.2087920544643,4.39475124938939,Het Zuid,40
1958757,be,668,51.0382825340052,3.76391820518186,Gentbrugge,2
1958757,be,670,51.0360750819727,3.74327821565613,Ledeberg,2
1958757,be,671,51.0736103207015,3.68318102141342,Mariakerke,5
1958757,be,677,51.0823216959547,3.71012788847498,Wondelgem,3
1958757,be,678,51.0071613400024,3.70669243244646,Zwijnaarde,3
1762397,de,679,51.1833164487834,6.86599402412034,Hassels,9
1762397,de,680,51.2428914255396,6.73318613226694,Lörick,8
1762397,de,681,51.2195790416536,6.77601909499366,Karlstadt,17
1785434,de,686,53.5668231262877,9.91135777522167,Bahrenfeld,10
1785434,de,687,53.5021161532556,10.0075605076555,Wilhelmsburg,9
1785434,de,690,53.6351162766752,9.9210626849454,Schnelsen,8
117543,it,691,43.7717806930337,11.2545896294358,Florence Historic Centre,2731
1771148,de,696,50.1078648994648,8.66781667602157,Bahnhofsviertel,51
1771148,de,697,50.1035167606991,8.66193702743357,Gutleutviertel,19
1771148,de,698,50.0964734732804,8.60223813273543,Griesheim,2
1771148,de,699,50.0841490312462,8.59328850380338,Schwanheim,6
1771148,de,700,50.1679462360904,8.62582458021032,Niederursel,1
1771148,de,701,50.0994104300537,8.68618516383159,Sachsenhausen,22
1785903,de,702,52.3758620160583,9.73725456583325,Mitte,54
1785903,de,703,52.4011198739227,9.7347133046614,Vahrenwald,2
1785903,de,704,52.3957991252057,9.75766623368747,List,35
1785903,de,705,52.4201692490245,9.81036588549614,Bothfeld,1
1785903,de,707,52.3975899517784,9.80689773595625,Groß - Buchholz,14
1785903,de,708,52.3915003774693,9.84422511726889,Misburg-Nord,11
1785903,de,709,52.3591079174226,9.85522306765032,Anderten,2
1785903,de,710,52.375895606312,9.78917643427849,Kleefeld,2
1785903,de,711,52.3608490714128,9.80913508683443,Kirchrode,2
1785903,de,712,52.3328991254779,9.82758782683563,Bemerode,2
1785903,de,714,52.364376193009,9.74223232646079,Südstadt,2
1785903,de,716,52.3382219269441,9.76633576752175,Döhren,11
1785903,de,717,52.3295051228729,9.7772250562296,Wülfel,13
1785903,de,719,52.3679585813264,9.71015870039863,Linden-Limmer,34
1785903,de,724,52.4065054686729,9.67265765034163,Herrenhausen-Stocken,14
1785903,de,725,52.4141723144304,9.66167249233799,Stöcken,3
1761619,de,726,51.0504170936299,13.7361551440396,Altstadt,133
1761619,de,727,51.0674942993181,13.7525508996338,Neustadt,117
1761619,de,728,51.0825267723972,13.714387990016,Pieschen,50
1761619,de,729,51.1151416849592,13.7623798658978,Klotzsche,12
1761619,de,730,51.0501497211678,13.8231103930125,Loschwitz/Wachwitz,15
1761619,de,731,51.0406639026318,13.7949575414151,Blasewitz,45
1761619,de,732,51.0154124633107,13.8395450707368,Leuben,33
1761619,de,733,51.0081336377668,13.785229447677,Prohlis,48
1761619,de,734,51.0358932,13.7178774,Plauen,1
1761619,de,735,51.0483472787109,13.6847016056865,Cotta,52
1761619,de,736,51.03462056989,13.6472672224045,Altfranken,1
1761619,de,738,51.0404950049248,13.6331802606583,Gompitz,1
1835238,de,745,49.446890451429,11.0785677107757,Mitte,195
1835238,de,746,49.4017653542605,11.0555170414217,Südstadt,29
1835238,de,747,49.4520062149174,11.027350624625,Weststadt,22
1835238,de,748,49.4651958639427,11.1280551758427,Oststadt,12
1835238,de,749,49.4739511653575,11.0735647391902,Nordstadt,29
1835238,de,750,49.4126419786119,11.126717995507,Südoststadt,29
1785903,de,752,52.3817339856682,9.74691441593928,Oststadt,18
1785903,de,753,52.4175094608702,9.82942197471857,Lahe,4
1785903,de,754,52.3329916862801,9.79486920675544,Mittelfeld,63
1785903,de,756,52.4395805194802,9.72670875215723,Langenhagen,23
1785903,de,758,52.3859639674614,9.72435235977173,Nordstadt,2
1761619,de,759,51.0380477171712,13.7573584914207,Seevorstadt,2
1761619,de,761,51.027800703655,13.7601453065872,Strehlen,1
1761619,de,765,51.0243962989801,13.7960091233253,Seidnitz,1
1761619,de,766,51.0262154824061,13.8319545371631,Laubegast,19
1761619,de,768,51.0388762511567,13.67002051299,Naußlitz,1
1761619,de,770,51.0371877565538,13.7353850368449,Südvorstadt,2
1761619,de,771,51.0182806419714,13.6909751594067,Coschütz,1
121726,it,773,45.4835936147995,9.2059819245096,Stazione Centrale,517
121726,it,779,45.4786139493918,9.22229584719589,Città Studi,336
121726,it,781,45.4602991444396,9.21875947927026,P. Vittoria,214
121726,it,787,45.451839603083,9.14317089695435,Lorenteggio,49
121726,it,790,45.4714378513034,9.12534301086229,San Siro,221
121726,it,791,45.4712896467608,9.15503294529061,Fiera Milano - City Life,285
121726,it,794,45.485098604153,9.18684903865778,Stazione Garibaldi - Porta Nuova,201
121726,it,795,45.5090490382676,9.18195277606676,Niguarda - Parco Nord,116
1750167,de,796,50.72134260434,7.08903180533564,Poppelsdorf,3
1750167,de,797,50.7260457043288,7.10517789476981,Südstadt,5
1750167,de,800,50.7057108175262,7.09727381244138,Venusberg,2
1750167,de,804,50.7550202294536,7.07411700277515,Auerberg,1
1750167,de,805,50.7452244583523,7.09715723428601,Castell,3
1871728,de,807,48.7773212782629,9.1798200175501,Stuttgart-Mitte,50
1871728,de,808,48.7896753194684,9.17152632347702,Stuttgart-Nord,12
1871728,de,809,48.7841200783826,9.20486559672233,Stuttgart-Ost,31
1871728,de,810,48.7611970003029,9.16388643649901,Stuttgart-Süd,13
1871728,de,811,48.7747680796287,9.15877268923318,Stuttgart-West,12
1871728,de,812,48.8050015448827,9.22351980239064,Bad Cannstatt,26
1871728,de,818,48.7244794971043,9.15445070508491,Möhringen,20
1871728,de,822,48.7056668931473,9.20996127903407,Plieningen,9
1871728,de,826,48.7326466443117,9.10724532329053,Vaihingen,10
1871728,de,829,48.8325624713467,9.17010919265651,Zuffenhausen,22
1817680,de,830,51.3411082105366,12.3733473303009,Leipzig City Centre,93
1817680,de,841,51.3501670451387,12.4688856303692,Paunsdorf,1
1817680,de,847,51.3326515592188,12.4021421689425,Reudnitz-Thonberg,1
1817680,de,848,51.3214588659764,12.4234287100812,Stötteritz,13
1817680,de,849,51.3043802916405,12.4204275012016,Probstheida,1
1817680,de,851,51.2824474435778,12.4607739597559,Liebertwolkwitz,1
1817680,de,853,51.3216331897092,12.3732994086949,Südvorstadt,27
1817680,de,854,51.3088925097115,12.3737305775285,Connewitz,2
1817680,de,858,51.321768601424,12.3416062571784,Schleussig,4
1817680,de,859,51.3275138088154,12.3352463095199,Plagwitz,26
1817680,de,871,51.3401429034824,12.3200261592865,Lindenau,2
1817680,de,872,51.3498169274161,12.3177820444107,Leutzsch,1
1817680,de,874,51.3458122277009,12.2648053787487,Burghausen-Rückmarsdorf,2
1817680,de,879,51.3636755406431,12.3693183380763,Gohlis,17
1817680,de,882,51.3961319724944,12.3751385833178,Wiederitzsch,9
126693,it,885,41.9132117396937,12.5199124912712,Nomentano,113
126373,it,886,44.0601766089685,12.56830788638,Rimini Centro,28
126373,it,888,44.0471729505366,12.6007007536172,Bellariva,32
1955538,be,892,50.8435865654829,4.37906814382526,European district,60
1785434,de,894,53.5769464490538,10.0343775186941,Barmbek Süd,8
510625,pl,895,50.0605096628792,19.9402072774322,Old Town,1630
510625,pl,896,50.0623869786481,19.9582353220366,Grzegórzki,267
510625,pl,897,50.0819428866421,19.9720286492642,Pradnik Czerwony,49
510625,pl,898,50.0904230405541,19.9277546307568,Pradnik Bialy,44
510625,pl,899,50.07308371105,19.9231976099835,Krowodrza,124
510625,pl,900,50.0782031564793,19.8919353588696,Bronowice,27
510625,pl,902,50.0559331141377,19.9084041287099,Zwierzyniec,70
510625,pl,903,50.0439208890574,19.9218912849987,Debniki,99
510625,pl,904,50.0199618366734,19.9162399129166,Lagiewniki,39
510625,pl,905,49.9963234279905,19.9246696066278,Swoszowice,6
510625,pl,907,50.01684564845,20.0043824660752,Bieżanów - Prokocim,29
510625,pl,908,50.04427254471,19.9572721108226,Podgórze,204
510625,pl,909,50.0729737835829,20.0086440079881,Czyzyny,31
510625,pl,912,50.0735606957291,20.0449009263078,Nowa Huta,14
510625,pl,914,50.0695835405422,19.9379969436091,Kleparz,223
510625,pl,916,50.051832847223,19.9453172970279,Kazimierz,396
1762397,de,918,51.231613174636,6.74576010724508,Oberkassel,7
1762397,de,919,51.2371662757589,6.75279885554469,Niederkassel,1
1785434,de,921,53.5731742666225,9.95794051339674,Eimsbüttel,11
1785903,de,923,52.3804904432704,9.76588796258902,Zoo,3
1785434,de,924,53.5274598351685,10.0213004766943,Veddel,1
-20021296,us,925,38.9073553777848,-77.0614084213897,Georgetown,10
-20021296,us,926,38.886612527588,-76.9989670801278,Capitol Hill,10
-20021296,us,927,38.9080112432047,-77.0382126221362,Embassy Row,24
-20021296,us,928,38.9059674708701,-77.0347921228088,Downtown DC,56
-20088325,us,929,40.7543476385405,-73.98190578616,Manhattan,929
-20088325,us,933,40.8144215520522,-73.9478383690691,Harlem,67
1785434,de,934,53.5609543315302,9.80952046980425,Blankenese,13
782831,ae,937,25.2349660837039,55.3022231240904,Bur Dubai,370
782831,ae,938,25.2675373101621,55.3154999802402,Deira,236
782831,ae,939,25.1464718497329,55.1982776763995,Umm Suqeim,83
782831,ae,940,25.1139003180669,55.175110885617,Al Sufouh,17
782831,ae,941,25.2061686457485,55.2458101464365,Jumeirah,21
782831,ae,942,25.234217089192,55.3195274577855,Oud Metha,24
782831,ae,945,25.2434806882688,55.3008033700947,Al Karama,33
782831,ae,946,25.2453795906821,55.3468735070919,Garhoud,14
782831,ae,947,24.987450950208,55.0932082295932,Jebel Ali,44
782831,ae,948,25.0795894540598,55.1402689217896,Dubai Marina,1417
782831,ae,949,25.206367625442,55.2723714200157,Trade Centre,119
782831,ae,951,25.1136495078382,55.1385548887517,Palm Jumeirah,677
1762397,de,953,51.1736755812573,6.83141111397634,Holthausen,6
1761619,de,957,51.0402918325038,13.7005213301983,Löbtau,18
1761619,de,958,51.0636097789735,13.8209278734283,Weißer Hirsch,1
1785434,de,959,53.5948121299057,10.0898148706192,Wandsbek,102
-20088325,us,960,40.7207526922152,-73.9983904833135,Lower Manhattan,194
-20088325,us,961,40.7175818814832,-74.0074473522081,Tribeca,18
-20088325,us,962,40.7158312553117,-73.9971293088221,Chinatown,12
-20088325,us,965,40.7233705522923,-73.9997145162467,SoHo,18
-20088325,us,966,40.7444961318027,-73.9986360127115,Chelsea,47
-20088325,us,968,40.7415728347765,-73.9890245604954,Flatiron District,5
-20088325,us,970,40.7542335030719,-73.9854277881988,Midtown,475
-20088325,us,972,40.7852447310188,-73.9754160992773,Upper West Side,51
-20088325,us,973,40.7762200747957,-73.9721693683717,New York Central Park,49
-20088325,us,974,40.7725115684099,-73.9564382054711,Upper East Side,131
-20088325,us,975,40.8533868021194,-73.9321202845376,Washington Heights,4
-20088325,us,977,40.754797498804,-73.9917577269919,Garment District,47
-20088325,us,979,40.7271513263602,-73.9847267893982,East Village,22
-20088325,us,980,40.7332453558037,-74.0016941964528,Greenwich Village,17
-20088325,us,981,40.7603452292945,-73.9857090238375,Broadway Theater District,54
2167973,pt,982,38.7115412572098,-9.14029869311631,Baixa / Chiado,881
-20088325,us,984,40.7073423491945,-74.0093662937926,Wall Street - Financial District,56
-20088325,us,985,40.7115465195555,-74.0156780390055,Battery Park,2
-20088325,us,986,40.7202631438931,-73.9914817293237,Bowery,29
2167973,pt,989,38.7173187591094,-9.14005015424392,Lisbon City Centre,2668
2167973,pt,990,38.6989575917019,-9.20613640933179,Belem,91
-20021296,us,992,38.9109412521425,-77.0408882805801,Dupont Circle,24
-20021296,us,993,38.8995513158951,-77.0496813178404,Foggy Bottom,10
-20023182,us,994,25.7846763714961,-80.1336363344761,South Beach,312
1810561,de,1001,50.9010570167732,6.96771845740117,Marienburg,1
1750167,de,1002,50.7421076004715,7.16853082180023,Holzlar,1
1353149,hk,1003,22.2820222432325,114.155689422021,Central District,20
782831,ae,1004,25.2182989644116,55.3277080852257,Jadaf,93
1810561,de,1005,50.9363385036972,6.83726873532345,Weiden,4
1762397,de,1006,51.2033817941361,6.89210630966979,Unterbach,5
534433,pl,1007,52.1910943384326,21.0187544526116,Mokotów,436
534433,pl,1008,52.2383468718981,21.0770977395553,Praga Poludnie,189
534433,pl,1009,52.2347843701219,20.9797195015389,Wola,805
534433,pl,1010,52.1473699428584,21.0324503195067,Ursynow,108
534433,pl,1011,52.2812070346691,20.9447572573496,Bielany,85
534433,pl,1012,52.2355092378908,21.0119672786822,Sródmiescie,1428
534433,pl,1013,52.2833778199774,21.0521460502406,Targówek,67
534433,pl,1014,52.2407707336562,20.9100954230273,Bemowo,60
534433,pl,1015,52.2126342896959,20.9767237552024,Ochota,146
534433,pl,1016,52.2563580866607,21.0380800905819,Praga Pólnoc,171
534433,pl,1017,52.3234353362357,20.9951135001052,Bialoleka,47
534433,pl,1018,52.2060606743945,21.1562478971349,Wawer,35
534433,pl,1019,52.2645187964403,20.9785128453995,Zoliborz,81
534433,pl,1020,52.1947732808701,20.8902697351991,Ursus,32
534433,pl,1021,52.1932819331891,20.9426661825848,Wlochy,135
534433,pl,1024,52.163089404117,21.0819735369306,Wilanów,82
1810561,de,1027,50.8888277813076,7.06220554800099,Porz,1
1810561,de,1028,50.9449261463242,7.07585137000582,Brück,5
1761619,de,1029,51.0134857112765,13.7685789219773,Leubnitz-Neuostra,2
-20023181,us,1036,25.6974569328866,-80.1617860036552,Key Biscayne,6
1762397,de,1037,51.2300529354645,6.85525459934175,Gerresheim,7
782831,ae,1038,25.1118785959602,55.2003585635457,Al Barsha,87
-20033173,us,1039,41.9234111369094,-87.6487326067539,Lincoln Park,18
-20033173,us,1040,41.9025513207488,-87.62746115893,Gold Coast,3
-20033173,us,1041,41.8940546248534,-87.6253521936979,Magnificent Mile,81
-20033173,us,1043,41.8816120639122,-87.6274936007195,Chicago Loop,60
755070,tr,1045,41.0071589847051,28.9699704395052,Old City Sultanahmet,1199
814876,gr,1046,37.9733230092636,23.73023068684,Plaka,286
814876,gr,1048,37.8702035281129,23.7544350192868,Glyfada,171
814876,gr,1049,37.9786691481568,23.72412881644,Psiri,258
820164,gr,1050,35.5164876239594,24.0191946105774,Chania Old Town,395
-213835,gr,1051,36.442397167838,28.226764993862,Rhodes Old Town,148
1871728,de,1052,48.7462535528359,9.23410534858704,Heumaden,1
755070,tr,1053,41.0361508135605,28.9818074533889,Taksim,1495
-20061717,us,1054,42.3577836311476,-71.0543092712726,Financial District,5
-20061717,us,1055,42.3492188570263,-71.0800188414124,Back Bay,53
-20061717,us,1056,42.3592488979023,-71.0673998073583,Beacon Hill,22
-20061717,us,1057,42.3757577908264,-71.0618324983409,Charlestown,3
-20061717,us,1058,42.3529642458879,-71.0635472746791,Theatre District,20
3414440,th,1059,13.7259846843612,100.577562101202,Sukhumvit,596
3414440,th,1060,13.7436740232086,100.53455587819,Siam,48
3414440,th,1061,13.7153649014816,100.531010226372,Sathorn,82
3414440,th,1062,13.7260801632157,100.526577546394,Silom,129
3414440,th,1063,13.7608871257325,100.499120695435,Khaosan,165
3414440,th,1064,13.7393890310934,100.511882627472,Chinatown,54
3414440,th,1065,13.7809794359652,100.569588256283,Ratchadaphisek,133
1924465,cn,1066,31.2375960117208,121.488664052298,The Bund,13
1924465,cn,1068,31.2274548096081,121.46919800194,Downtown Shanghai,60
132007,it,1069,45.4260509686525,12.326272252038,Giudecca,85
2590919,gb,1072,51.4699144839993,-2.58625679004072,Cotham,24
2590919,gb,1075,51.4573292496784,-2.61578984375472,Clifton,69
2602512,gb,1077,53.4801579880486,-2.24119980914664,Manchester City Centre,274
2602512,gb,1079,53.4208188807501,-2.23505440529487,Didsbury,9
2602512,gb,1080,53.4595852622004,-2.27798469447516,Old Trafford,27
2595386,gb,1081,55.9500031724609,-3.18692602347477,Old Town,327
2595386,gb,1082,55.9555733804779,-3.19572563612408,New Town,272
2595386,gb,1083,55.9488905046026,-3.21510110130663,West End,104
2595386,gb,1084,55.9712105940359,-3.17480175131463,Leith,154
2595386,gb,1085,55.9477938287482,-3.25230695742533,Murrayfield,6
2595386,gb,1086,55.9438561880387,-3.28672818575063,Corstorphine,3
2595386,gb,1087,55.9463882135121,-3.216159453554,Haymarket,170
2595386,gb,1088,55.938173977481,-3.20556298004138,Bruntsfield,42
2595386,gb,1096,55.9388622812001,-3.18046031209333,Newington,134
2595386,gb,1097,55.937002964614,-3.22127667582341,Merchiston,16
2595386,gb,1098,55.9517954753983,-3.11033348627401,Portobello,20
2595386,gb,1099,55.9264767335862,-3.21058965366453,Morningside,17
2597039,gb,1101,55.8609314206699,-4.2545862379951,Glasgow City Centre,168
2597039,gb,1102,55.8710336052996,-4.28955186547919,North West,206
2597039,gb,1103,55.8430867017098,-4.28097552385173,South,98
2601422,gb,1104,53.4044625110891,-2.98207357453151,Liverpool City Centre,373
2601422,gb,1108,53.4219876795048,-2.96746748830383,Everton,35
2601422,gb,1109,53.4292212709061,-2.95663622194047,Anfield,91
1502554,ie,1112,53.3325776357464,-6.23393037343445,Ballsbridge,50
1771148,de,1113,50.1029339254693,8.54728295990691,Höchst,3
1217214,za,1114,-33.9152155234206,18.4181028837655,De Waterkant,168
1217214,za,1115,-33.9292735358319,18.4256673143007,District Six,62
1217214,za,1116,-33.9107559378843,18.4106311468471,Green Point,213
1217214,za,1117,-33.90126910117,18.4047137729081,Mouille Point,61
1217214,za,1118,-33.9089343953831,18.3986882956982,Three Anchor Bay,35
1217214,za,1119,-33.9093176694475,18.4197185634951,Waterfront,57
1217214,za,1120,-33.9257320379759,18.4179299141575,City Bowl,1008
1217214,za,1121,-33.9286762604763,18.40417594974,Tamboerskloof,30
1217214,za,1122,-33.9339226639765,18.4130674887394,Gardens,85
1217214,za,1123,-33.9392015326858,18.4147321425984,Oranjezicht,27
1217214,za,1125,-33.9387757539502,18.4679950390744,Observatory,25
3414440,th,1126,13.7426431479467,100.536694075974,Pathumwan,90
2601889,gb,1127,51.512569200779,-0.129418828133708,Theatreland,262
1502554,ie,1128,53.323563018462,-6.2592912287755,Rathmines,12
2595386,gb,1129,55.9520842733628,-3.19641315583392,Princes Street,300
2595386,gb,1130,55.9500591344576,-3.1875689987903,Royal Mile,285
1502554,ie,1131,53.3441360719827,-6.2644682513442,Temple Bar,37
1785434,de,1132,53.5886993061833,10.0116288463507,Winterhude,14
755070,tr,1133,41.0511077865349,29.0250178866974,Ortakoy,66
755070,tr,1134,40.9866735790755,29.0419248422129,Kadikoy,276
2152403,nl,1135,51.9185845570013,4.47868361303955,Rotterdam City Centre,62
2152403,nl,1136,51.9138764260137,4.45408158167253,Delfshaven,33
2152403,nl,1137,51.9455852812136,4.42246454857734,Overschie,5
2152403,nl,1138,51.9313903626183,4.46994077045181,Noord,10
2152403,nl,1139,51.9511770518456,4.48439891892168,Hillegersberg-Schiebroek,14
2152403,nl,1140,51.9268967801994,4.50792252513595,Kralingen-Crooswijk,15
2152403,nl,1141,51.9013656030801,4.49820874619383,Feijenoord,16
2152403,nl,1142,51.8831512951368,4.54218461167662,IJsselmonde,3
2152403,nl,1144,51.9512915183499,4.55182329618566,Prins Alexander,4
2152403,nl,1145,51.8849925319212,4.48194914070662,Charlois,6
2152921,nl,1150,52.0782933594249,4.31036675229656,The Hague City Centre,77
2152921,nl,1151,52.0460740733498,4.26987257326129,Escamp,3
2152921,nl,1152,52.0877202878843,4.33285788164613,Haagse Hout,9
2152921,nl,1153,52.0694650074516,4.32955357477905,Laak,3
2152921,nl,1155,52.0597817962198,4.2266001090159,Loosduinen,14
2152921,nl,1157,52.0762235452485,4.26966039013328,Segbroek,11
755070,tr,1158,41.0560208345413,29.0171881308761,Besiktas,282
2149006,nl,1159,50.8483995665358,5.6908697510449,Maastricht City Centre,24
2149006,nl,1160,50.848487309144,5.70207571989107,Wijck,14
2149006,nl,1161,50.8447551450158,5.69049091707706,Jekerkwartier,5
2149006,nl,1162,50.8476096957858,5.68020360358335,Kommelkwartier,2
2149006,nl,1163,50.8512548046395,5.68527387948363,Statenkwartier,3
2149006,nl,1164,50.8533508572953,5.69164996665055,Boschstraatkwartier,10
2149006,nl,1166,50.8375397330693,5.71369504411363,Randwijck,2
2149006,nl,1167,50.8242582731375,5.70146997275812,Heugum,11
2149006,nl,1169,50.8521635377344,5.71482547664838,Witte Vrouwenveld,1
2149006,nl,1170,50.8380461784021,5.69095269672287,Villapark,2
735347,tr,1171,36.8836682269082,30.7056400730478,Kaleici,124
735347,tr,1172,36.8611965921834,30.6261909141736,Konyaalti Beach,181
-20088325,us,1174,40.7581766992164,-73.9881708043666,Times Square,109
-20088325,us,1175,40.7414745975595,-74.0045713219971,Meatpacking District,6
-20088325,us,1176,40.7368500206038,-73.9831610164137,Gramercy,23
1955473,be,1182,51.1998413533268,3.19123714815353,Sint-Andries,24
1955473,be,1183,51.1875734822655,3.20986318440891,Sint-Michiels,18
1955473,be,1184,51.1974046992143,3.24269419098908,Assebroek,40
1955473,be,1185,51.2155349866422,3.25143861655182,Sint-Kruis,16
1955473,be,1186,51.2552894962322,3.23597627278588,Dudzele,7
1966651,be,1188,51.2277589388917,2.91078285039039,Oostende Centre,460
1966651,be,1189,51.2345283477825,2.93964708041349,Vuurtoren - Vuurhaven,29
1966651,be,1190,51.1984243053718,2.982396026256,Zandvoorde,1
1966651,be,1191,51.2095260305639,2.91347991378886,Stene,10
1966651,be,1193,51.2162175841101,2.88194313520644,Mariakerke,203
1966651,be,1194,51.2059944743654,2.86295542673714,Raversijde,20
1736191,lu,1195,49.6436644074689,6.12953891606199,Beggen,1
1736191,lu,1196,49.609475120632,6.11090034023457,Belair,6
1736191,lu,1197,49.5992092813612,6.1384612321172,Bonnevoie,35
1736191,lu,1203,49.6019584939231,6.12981479337,Gare,75
1736191,lu,1205,49.6102278936996,6.13924524740207,Grund,5
1736191,lu,1208,49.6263066001175,6.14824900872223,Kirchberg,7
1736191,lu,1209,49.6212079465675,6.12062184148951,Limpertsberg,22
1736191,lu,1210,49.6054312481178,6.09895290314612,Merl,2
1736191,lu,1216,49.6274050207126,6.1008708178997,Rollingergrund-Belair Nord,1
402849,es,1218,37.3925536395111,-5.99273517965065,Old town,2110
402849,es,1219,37.4052310220304,-5.98447670946388,Macarena,58
402849,es,1220,37.3854389374417,-5.97844804805277,Nervión,151
402849,es,1221,37.3774081156992,-5.95205690952787,Cerro-Amate,16
402849,es,1222,37.3706973110056,-5.97736054712578,Sur,34
402849,es,1223,37.3832485648747,-6.00468938468535,Triana,374
402849,es,1224,37.4210271607772,-5.96939708551527,Macarena Norte,16
402849,es,1225,37.3953795069596,-5.97144032888989,San Pablo - Santa Justa,32
402849,es,1226,37.4048254577761,-5.92696011015256,Este,24
402849,es,1227,37.3509933904875,-5.98034841970653,Bellavista-Palmera,22
402849,es,1228,37.3754893475354,-5.9988027392976,Los Remedios,30
2590134,gb,1229,53.8264484429368,-3.05261583313362,North Shore,222
2590134,gb,1230,53.809819435406,-3.05042378213141,Blackpool Centre,503
2590134,gb,1231,53.792793829671,-3.05318610375606,South Shore,144
2591777,gb,1232,51.4662241510596,-3.16883476147121,Cardiff Bay,71
2591777,gb,1233,51.477962965672,-3.17603144255073,Cardiff Centre,68
384328,es,1234,37.1750674128138,-3.59852655784058,Granada City Centre,736
384328,es,1235,37.1625526948504,-3.58121687440826,Genil,52
384328,es,1236,37.1915549691079,-3.62304368244457,Chana,11
384328,es,1237,37.1893980431103,-3.60789430213079,Beiro,37
384328,es,1238,37.1570314054433,-3.59921368090522,Zaidín,36
384328,es,1239,37.1804217593654,-3.59387460978511,Albaicin,232
384328,es,1240,37.2024723943947,-3.6070331773306,Norte,12
384328,es,1241,37.1707971332753,-3.60550065242413,Ronda District,94
1502554,ie,1242,53.3655043161817,-6.25413160024655,Drumcondra,13
1502554,ie,1243,53.3388614630729,-6.25835976751526,Saint Stephen's Green,35
850553,hu,1244,47.5002542870556,19.0354755213943,01. Budavár,161
850553,hu,1245,47.5170117099477,19.0226747645803,02. Rózsadomb,86
850553,hu,1246,47.5583581923606,19.0418742046235,03. Óbuda,38
850553,hu,1247,47.5662455444209,19.0926439917574,04. Újpest,9
850553,hu,1248,47.4976828390447,19.0532731829059,05. Belváros - Lipótváros,653
850553,hu,1249,47.5051936069576,19.0610733941361,06. Terézváros,607
850553,hu,1250,47.4997752661405,19.0672114834176,07. Erzsébetváros,1101
850553,hu,1251,47.4916065042756,19.0729128995862,08. Józsefváros,320
850553,hu,1252,47.4822094066656,19.0699785464114,09. Ferencváros,223
850553,hu,1253,47.4830628514624,19.139665983077,10. Kőbánya,10
850553,hu,1254,47.4731669849114,19.0401039075877,11. Újbuda,85
850553,hu,1255,47.4988254890515,19.0089635685719,12. Hegyvidék,41
850553,hu,1256,47.5214347392251,19.0597603752881,13. Angyalföld - Újlipótváros,215
2601889,gb,1257,51.5250777876879,0.0223843860169585,Newham,294
850553,hu,1258,47.5136347663131,19.1081733796128,14. Zugló,64
850553,hu,1259,47.5571387746677,19.1214087227243,15. Rákospalota,4
850553,hu,1260,47.5171011571108,19.18136729546,16. Árpádföld - Mátyásföld,12
850553,hu,1261,47.4759608854646,19.2606325228288,17. Rákosmente,6
850553,hu,1262,47.4366449176112,19.1905562898149,18. Pestszentlőrinc - Pestszentimre,9
850553,hu,1263,47.4539000438798,19.1435750550605,19. Kispest,7
850553,hu,1264,47.4347143961677,19.1149093646799,20. Pesterzsébet,13
850553,hu,1265,47.4197500147698,19.0775838369379,21. Csepel,8
850553,hu,1266,47.4149462045375,19.0122448226619,22. Budafok - Tétény,5
850553,hu,1267,47.3982401336745,19.1271492518017,23. Soroksár,2
2602512,gb,1268,53.444074304439,-2.22567505623247,Fallowfield,12
2167973,pt,1272,38.7694909292467,-9.0972297657655,Parque das Nacoes,108
2173088,pt,1275,41.1513811958587,-8.59902304843026,Bonfim,445
2173088,pt,1277,41.1439706802839,-8.60888607304354,Sé,397
2173088,pt,1278,41.1587665194801,-8.63180640873966,Boavista,200
2173088,pt,1279,41.1471813848905,-8.609799420191,Porto City Centre ,2224
2157420,pt,1280,37.0941177360273,-8.17073182129114,Aldeia das Açoteias,95
2157420,pt,1281,37.0898657472145,-8.22869453703651,Areias Sao João,444
2157420,pt,1282,37.0956302313955,-8.18778565003428,Olhos de Água,422
2157420,pt,1283,37.0884597579088,-8.25350111319054,Albufeira City Centre,445
2157420,pt,1284,37.0997322690174,-8.22629076741308,Montechoro,203
2157420,pt,1285,37.0904613323316,-8.22670555416648,Oura,224
372490,es,1286,41.3791850633121,2.18981939629464,Barceloneta,44
372490,es,1287,41.3911490038967,2.19611872983381,Vila Olímpica,44
372490,es,1288,41.3821931251118,2.17570095069127,Gothic Quarter,161
372490,es,1289,41.3838028024331,2.18232949003685,El Born,63
372490,es,1290,41.4033754573104,2.17470978955563,Sagrada Familia,287
122902,it,1291,40.8506755374097,14.2589841965547,Naples Historical Centre,1245
122902,it,1292,40.835559756596,14.2372944953658,Chiaia,464
122902,it,1293,40.8248315710147,14.1900880518524,Fuorigrotta - Zona Fiera,93
122902,it,1294,40.8654148469852,14.2507603012143,Capodimonte,83
122902,it,1295,40.8534516055418,14.2685156826186,Central Station,720
122902,it,1296,40.8405713246844,14.2473327030939,Plebiscito,420
122902,it,1297,40.8116045760788,14.2033359406946,Posillipo,46
122902,it,1298,40.8463378015784,14.229687439488,Vomero,251
132092,it,1299,45.4421283739099,10.964607059445,Borgo Milano - Stadio,83
132092,it,1300,45.451399776526,10.9884526225895,Borgo Trento,123
132092,it,1301,45.4408637654478,11.0215618696481,Borgo Venezia,23
132092,it,1302,45.4340943415164,10.9875419334423,Porta Nuova,218
132092,it,1303,45.43962977511,10.9938418636596,Verona Historical Centre,617
132092,it,1304,45.4146791812973,10.9783132334013,Verona Fiere,134
130938,it,1305,45.0767196216621,7.6929059489041,Aurora Vanchiglia,216
130938,it,1306,45.0324128570554,7.66176976261083,Lingotto,115
130938,it,1307,45.0577328216594,7.70749795924354,Borgo Po,65
130938,it,1308,45.026339830392,7.63328014021769,Mirafiori,31
130938,it,1309,45.0691676898675,7.68194152774864,Turin Historic Centre,534
130938,it,1310,45.0816519696769,7.66098133133407,San Donato - Campidoglio,83
130938,it,1311,45.0690241440943,7.6533369654498,Cenisia - San Paolo - Cit Turin,97
126693,it,1313,41.894154139249,12.4945934782287,Rione Monti,830
2152403,nl,1314,51.9074173587167,4.49411338700144,Kop van Zuid,11
782831,ae,1315,25.1640032115158,55.4100581423793,International City ,15
2745636,dk,1317,55.679542361552,12.5769716895923,Copenhagen City Centre,284
2745636,dk,1318,55.6694425811598,12.5522578468783,Vesterbro,73
2745636,dk,1319,55.7033521771147,12.5818754415106,Østerbro,48
2745636,dk,1320,55.6940097823435,12.5529641554244,Nørrebro,23
2745636,dk,1321,55.6738241783831,12.5938690344888,Christianshavn,25
2524279,se,1323,59.3141913233488,18.0712721765114,Södermalm,51
2524279,se,1324,59.3321629396486,18.026878610466,Kungsholmen,14
2524279,se,1325,59.3342286137192,18.0625112479299,Norrmalm,51
2524279,se,1326,59.3408756767555,18.084513267586,Östermalm,23
2524279,se,1328,59.3131110005647,18.0809652513747,SoFo District,15
2554935,ch,1329,47.3731879467504,8.54431672169565,Niederdorf,43
-20111994,us,1330,39.9514531927892,-75.1610926909456,Philadelphia City Center,143
-20111994,us,1331,39.9492451063222,-75.1449044924307,Old City,22
1989985,at,1332,47.8007341799513,13.0456478441686,Altstadt,56
1981445,at,1333,47.2574362844996,11.3945807749516,Wilten,13
1981445,at,1334,47.2632843678959,11.4114818430919,Pradl,17
1981445,at,1335,47.2718171806186,11.4207284327787,Reichenau,1
1981445,at,1336,47.270688024163,11.3731208722441,Hötting,41
1981445,at,1337,47.285091879402,11.3914957346067,Hungerburg-Hoheninnsbruck,9
1981445,at,1338,47.2825644828706,11.4078838417512,Mühlau,5
1981445,at,1339,47.2595897660355,11.4281736573115,Amras,8
1981445,at,1340,47.2855750424711,11.4246670985272,Arzl,2
1981445,at,1341,47.2351395662639,11.4004978034147,Vill,1
1981445,at,1343,47.2648914368655,11.3945726569564,Innenstadt,47
1989985,at,1344,47.7919011117538,13.0534791731347,Nonntal,2
1989985,at,1347,47.8001180894406,13.0200613258656,Maxglan,17
1989985,at,1348,47.8120989632078,13.0307610062758,Lehen,7
1989985,at,1349,47.8243728439763,13.0139252543449,Liefering,3
1989985,at,1350,47.7891765343603,13.0749827250838,Aigen,2
1989985,at,1351,47.802446827586,13.073006272316,Parsch,1
1989985,at,1352,47.8168477069105,13.0727313628926,Gnigl,4
1989985,at,1353,47.822321978523,13.0397666357829,Itzling,2
1989985,at,1354,47.8130359872244,13.0415278621036,Elisabeth-Vorstadt,25
1989985,at,1357,47.7739087022412,13.0226929504593,Leopoldskron-Moos,14
1989985,at,1358,47.7730723041937,13.0695542693138,Salzburg-Süd,1
1989985,at,1361,47.8072985976109,13.0013678222895,Taxham,1
1989985,at,1362,47.8106192432675,13.0539960984966,Schallmoos,23
1454990,fr,1364,43.6905004059489,7.25052296821083,Promenade des Anglais,173
1454990,fr,1365,43.6974893907265,7.27683384668213,Nice Old Town,303
1454990,fr,1366,43.6985109169249,7.28502686038012,Nice Port,153
1454990,fr,1367,43.7054457333325,7.28108132217017,Palais des Congres Acropolis,60
1454990,fr,1368,43.6994855042996,7.26430106736453,Nice City Centre,877
1454990,fr,1369,43.6921333602132,7.24661532692187,Les Baumettes,163
1471697,fr,1370,48.5907877734499,7.76087738905394,Quartier Européen - Orangerie,49
1471697,fr,1371,48.5825496125327,7.74569371252288,City-Centre - Petite France,176
1471697,fr,1372,48.5694740830828,7.75937839306698,Neudorf - Port du Rhin,14
1471697,fr,1373,48.5839820831161,7.73821004459228,Strasbourg Train Station,50
1471697,fr,1374,48.5792249316137,7.76045787028622,Bourse-Esplanade,41
1471697,fr,1375,48.6037233911147,7.78461297199921,Robertsau,10
1416177,fr,1377,50.9626536947863,1.83934165572031,Port,27
1416177,fr,1378,50.9592081613068,1.85072603333048,Calais Centre Ville,47
1416177,fr,1379,50.9510354161947,1.85164032391744,Gare,16
1416177,fr,1380,50.9440170960477,1.83497198132935,Calais Fréthun,1
1447079,fr,1381,50.6338458253234,3.06573400979746,Lille Centre,200
1447079,fr,1382,50.637502553196,3.07240684513835,Euralille,66
1447079,fr,1384,50.6415540485588,3.06026934354206,Vieux Lille,150
1449947,fr,1385,43.296162632928,5.37279221355186,Vieux Port - La Canebière,525
1449947,fr,1386,43.2987152643687,5.36756301371548,Le Panier,122
1449947,fr,1390,43.2873938127141,5.38041072301659,Castellane et Préfecture,109
1449947,fr,1392,43.2838719469011,5.35902355679319,La Corniche,117
1449947,fr,1400,43.3623787892411,5.31342844700725,L'Estaque,11
1603135,au,1401,-33.8712727450499,151.205497867922,Sydney CBD,246
1603135,au,1402,-33.8603623246839,151.207401867921,The Rocks,13
1603135,au,1403,-33.8708810349746,151.19999466476,Darling Harbour,78
1603135,au,1404,-33.8735921850151,151.223036508193,Kings Cross,29
1603135,au,1405,-33.877327233972,151.217751952665,Darlinghurst,50
1603135,au,1406,-33.8831419890927,151.22376455317,Paddington,8
1603135,au,1407,-33.8796552142446,151.203262194053,Chinatown,29
1217214,za,1408,-33.9214513916136,18.4139427998991,Bo-Kaap,64
782831,ae,1409,25.0910791595785,55.1718409871359,The Greens,55
782831,ae,1410,25.2249884797501,55.3537676714586,Dubai Festival City,15
735338,tr,1411,39.9085696060765,32.8602732007322,Kavaklidere,32
735338,tr,1412,39.8930908779574,32.853943466194,Cankaya,8
735338,tr,1413,39.9415957988333,32.8555373336896,Ulus,19
735338,tr,1414,39.9292192002756,32.8428858031128,Maltepe,8
782831,ae,1415,25.2840398252053,55.3790865346035,Al Qusais,25
755070,tr,1416,41.0547391090837,28.9880998736197,Sisli,680
755070,tr,1417,41.0148821869068,28.9385362984407,Topkapi,60
2524279,se,1418,59.3243494003517,18.07123802105,Gamla stan,23
755070,tr,1419,41.0086681672248,28.9596926652408,Beyazit,171
785169,qa,1420,25.2970987794755,51.5401721728154,Corniche,36
73635,sg,1421,1.29981061947621,103.858056768783,Bugis,38
73635,sg,1422,1.31286546253166,103.881640817293,Geylang,34
73635,sg,1423,1.30818738413403,103.909277405962,East Coast,15
-20015732,us,1425,37.7565194093181,-122.48013347724,Sunset District,8
-20015732,us,1427,37.7595670602187,-122.416653311143,Mission,7
-20015732,us,1428,37.7580482771008,-122.398902852724,Potrero Hills,1
-20015732,us,1429,37.7860845165766,-122.409669959928,Downtown San Francisco,120
-20015732,us,1430,37.7994863153619,-122.418521884528,Russian Hill,3
-20015732,us,1431,37.7927357021473,-122.406792597121,Chinatown,6
-20015732,us,1432,37.8061676608346,-122.418716551093,Fisherman's Wharf,15
-20015732,us,1433,37.7911816787868,-122.433296026868,Pacific Heights,9
-20015732,us,1434,37.7695954866386,-122.446148722124,Haight-Ashbury,2
-20015732,us,1435,37.8013571843488,-122.410305505909,North Beach,7
-20015732,us,1436,37.7913439477579,-122.412381510932,Nob Hill,9
-20088325,us,1438,40.7593970772933,-73.981393132731,Rockefeller Center,12
-20015732,us,1440,37.7864461550935,-122.428658080963,Japantown,3
-20015732,us,1441,37.7630618745887,-122.507456402161,Ocean Beach,4
73635,sg,1442,1.25003956794018,103.829116320476,Sentosa Island,16
1810561,de,1443,50.9634455641973,6.95354481190251,Nippes,8
1746443,de,1444,52.597431777794,13.3254243650918,Wittenau,4
-20014181,us,1445,34.060328744795,-118.297569068835,Koreatown,27
-20015725,us,1446,32.7132218517532,-117.159714663018,Gaslamp Quarter,23
-20015725,us,1447,32.7990789261571,-117.246875327266,Pacific Beach,113
73635,sg,1448,1.28140655648986,103.853997820957,Marina Bay,12
1353149,hk,1449,22.3192039727468,114.169723206118,Mongkok,26
1353149,hk,1450,22.2975990318945,114.172776658423,Tsim Sha Tsui,188
1353149,hk,1451,22.2773858006606,114.175282938619,Wan Chai,35
1353149,hk,1452,22.2802968331303,114.1861024031,Causeway Bay,23
1752234,de,1458,53.0929845991011,8.80775923272596,Findorff,11
1752234,de,1459,53.1209236036549,8.75368222094732,Gröpelingen,8
1752234,de,1461,53.058686309693,8.88705257134722,Hemelingen,29
1752234,de,1462,53.1064006333444,8.8707157737975,Horn-Lehe,5
1752234,de,1463,53.0546033965196,8.73917327192685,Huchting,2
1752234,de,1464,53.0782139526897,8.80988620095292,Mitte,85
1752234,de,1465,53.0659141064066,8.7967183010165,Neustadt,64
1752234,de,1466,53.0933926653418,8.93422365188599,Oberneuland,1
1752234,de,1467,53.0411197155619,8.83886324839224,Obervieland,5
1752234,de,1468,53.0632853744671,8.9505595835187,Osterholz,5
1752234,de,1469,53.0721578866512,8.83330858111735,Östliche Vorstadt,24
1752234,de,1470,53.0849838428859,8.83709228993358,Schwachhausen,18
1752234,de,1473,53.0814330918094,8.88131377198201,Vahr,5
1752234,de,1475,53.0958462541908,8.78104626352818,Walle,19
1752234,de,1476,53.0829108267782,8.7660656342,Woltmershausen,4
1817680,de,1477,51.3619432506209,12.4145711906947,Nordost,35
1817680,de,1478,51.3397740525119,12.4213230643232,Ost,71
1817680,de,1479,51.3173220601047,12.4198488492231,Südost,31
1817680,de,1480,51.2848440135323,12.3117738850859,Südwest,16
1817680,de,1481,51.341238027911,12.3191305962534,Alt-West,62
1817680,de,1482,51.3771834504228,12.3280389087596,Nordwest,25
1817680,de,1483,51.3857098701518,12.3784232698381,Nord,3
2524279,se,1485,59.3431614938187,18.0490949005816,Vasastan,19
73635,sg,1486,1.28883165572382,103.844830247078,Singapore River,41
-20085207,us,1487,40.6717953468697,-73.9807633567057,Park Slope,5
-20085207,us,1488,40.7134327710107,-73.9541047107033,Williamsburg,27
2589296,gb,1490,51.6635129389013,-0.179236605763435,Hadley Wood,2
2589296,gb,1491,51.6133295532874,-0.176936388015747,Finchley,2
-900040011,gb,1504,51.6027179416149,-0.376689434051514,Pinner,2
2598729,gb,1507,51.5132960484904,-0.426245686601491,Hayes,2
2598729,gb,1509,51.5054009653294,-0.468411763047578,West Drayton,5
2600204,gb,1516,51.4129418271666,-0.295747188053658,Hampton Wick,22
2600204,gb,1517,51.3929775607974,-0.297697240183416,Surbiton,4
2609149,gb,1530,51.364977589286,-0.164705067873001,Carshalton,1
-20089077,us,1534,40.7511777988287,-73.9400085811228,Long Island City,27
-20089077,us,1536,40.7003862115527,-73.7982025098918,Jamaica,6
-20089077,us,1537,40.7658393254174,-73.8861545920372,Elmhurst,1
-20089077,us,1538,40.762356809122,-73.8310406665012,Flushing,21
2601889,gb,1543,51.5336378351988,-0.141382765191217,Camden,651
2601889,gb,1544,51.4911105820068,-0.21467406693473,Hammersmith and Fulham,394
2601889,gb,1545,51.4979611850467,-0.184713600086868,Kensington and Chelsea,743
2601889,gb,1546,51.5143961948053,-0.0430156841011976,Tower Hamlets,606
569541,ca,1547,45.5045535075048,-73.5567420675406,Old Montreal,36
569541,ca,1548,45.5047592073424,-73.5701814268684,Downtown Montreal,172
569541,ca,1549,45.519988644961,-73.5805015192732,Plateau Mont Royal,122
569541,ca,1550,45.5479391437666,-73.5437390386463,Hochelaga-Maisonneuve,14
575268,ca,1551,49.2762370877192,-123.119722087584,Yaletown,2
575268,ca,1552,49.2857468673073,-123.131737619007,West End,29
575268,ca,1553,49.2791846144599,-123.134053118285,Davie Village,3
575268,ca,1554,49.282791093941,-123.105990222949,Gastown,3
575268,ca,1556,49.2709989514882,-123.133815401672,Granville Island,1
575268,ca,1557,49.2658448801531,-123.166124240931,Kitsilano,7
575268,ca,1558,49.2672884381994,-123.06891016674,Commercial Drive,1
-20015732,us,1559,37.7630331711284,-122.433862369905,The Castro,6
569541,ca,1560,45.5002741283175,-73.5660551980523,The Underground City,18
570141,ca,1562,43.0888367233707,-79.1218446016587,Lundy's Lane,24
574890,ca,1563,43.670745127387,-79.3918629771091,Bloor-Yorkville,35
574890,ca,1564,43.6521375964473,-79.3687896245527,Old Town Toronto,16
574890,ca,1565,43.6420502351036,-79.3812939801837,The Harbourfront,65
574890,ca,1566,43.6628551512469,-79.3805237975318,The Village,17
