city_id,country,latitude,longitude,name,nr_hotels,timezone_name,timezone_offset
3881514,pk,33.3194007873535,73.2596969604492,Kary,0,Asia/Karachi,5
3881466,pk,34.0208015441895,71.5916976928711,Sarāj Malik Wazīr,0,Asia/Karachi,5
3881464,pk,34.0203018188477,71.5761032104492,Shāhi Bāgh,0,Asia/Karachi,5
3878582,pk,25.2693996429443,63.4305992126465,Degān,0,Asia/Karachi,5
3877672,at,47.6833000183105,14.3667001724243,Oberweng,0,Europe/Vienna,1
3877671,at,47.6833000183105,14.3832998275757,Goslitz,0,Europe/Vienna,1
3877013,ir,35.7999992370605,51.36669921875,Malanjak,0,Asia/Tehran,4
3875419,ve,11.1167001724243,-63.9166984558105,Pedro Gonzalez,1,America/Caracas,-4
3875398,ve,11.0193996429443,-63.8471984863281,Los Cerritos,0,America/Caracas,-4
3875392,ve,10.9939002990723,-63.8889007568359,Las Piedras,0,America/Caracas,-4
3875389,ve,11.0249996185303,-63.8456001281738,Las Huertas,0,America/Caracas,-4
3875377,ve,11.1061000823975,-63.8527984619141,Loma de Guerra,2,America/Caracas,-4
3875376,ve,11.1443996429443,-63.86669921875,La Loma,1,America/Caracas,-4
3875374,ve,10.99784,-64.01918,La Guardia,0,America/Caracas,-4
3875365,ve,11.02894,-63.86577,La Asunción,0,America/Caracas,-4
3875349,ve,11.0743999481201,-63.8283004760742,Flandes,0,America/Caracas,-4
3875339,ve,10.9632997512817,-63.875,El Piache,0,America/Caracas,-4
3875337,ve,11.0666999816895,-63.9832992553711,El Palito,0,America/Caracas,-4
3875330,ve,11.0349998474121,-63.815601348877,El Hato,0,America/Caracas,-4
3875323,ve,11.1079,-63.84663,El Cardón,0,America/Caracas,-4
3875318,ve,11.14244556427,-63.8681602478027,El Agua,1,America/Caracas,-4
3875311,ve,10.9539003372192,-63.86669921875,Cerro Colorado,0,America/Caracas,-4
3875298,ve,10.8999996185303,-64.3572006225586,Boca Chica,0,America/Caracas,-4
3875289,ve,11.125,-63.8582992553711,Aricagua,1,America/Caracas,-4
3875285,ve,11.0132999420166,-63.9667015075684,Agua de Vaca,0,America/Caracas,-4
3875246,ve,10.4750003814697,-67.2750015258789,El Tigre,0,America/Caracas,-4
3875194,ve,10.497200012207,-66.875,Sabana Grande,0,America/Caracas,-4
3875175,ve,10.4833002090454,-66.9083023071289,Prado de María,0,America/Caracas,-4
3875128,ve,10.4917001724243,-66.9332962036133,El Paraíso,0,America/Caracas,-4
3874940,ve,10.5417003631592,-66.9250030517578,Conejo Blanco,0,America/Caracas,-4
3874918,ve,10.5478000640869,-67.2399978637695,Chichiriviche,0,America/Caracas,-4
3874646,ve,10.4121999740601,-67.9083023071289,Barrio La Primavera,0,America/Caracas,-4
3873021,at,48.2667007446289,16.0666999816895,Reichersberg,0,Europe/Vienna,1
3873001,at,48.25,15.8832998275757,Holzleiten,1,Europe/Vienna,1
3872888,pk,34.6053009033203,71.9542007446289,Mānriāno Bānda,0,Asia/Karachi,5
3872474,pk,34.8244018554688,71.8394012451172,Sarai,0,Asia/Karachi,5
3870755,pk,34.8717002868652,71.676399230957,Bārikāo,0,Asia/Karachi,5
3870534,mx,26.7000007629395,-109.550003051758,Santa Bárbara,0,America/Hermosillo,-7
3870348,mx,27.9666996002197,-110.983001708984,El Pilar,0,America/Hermosillo,-7
3870345,mx,27.9588153419506,-111.039803743362,San Carlos,44,America/Hermosillo,-7
3870344,mx,27.9832992553711,-111.050003051758,La Soledad,0,America/Hermosillo,-7
3870236,mx,28.0167007446289,-111.116996765137,La Huerta,0,America/Hermosillo,-7
3870040,mx,28.86669921875,-112.032997131348,Kino Nuevo,0,America/Hermosillo,-7
3870038,mx,28.9500007629395,-112.083000183105,San Miguel,0,America/Hermosillo,-7
3869946,mx,29.1499996185303,-110.883003234863,El Saucito,0,America/Hermosillo,-7
3869400,mx,30.75,-113.099998474121,Santo Tomás,0,America/Hermosillo,-7
3869371,mx,31.3166999816895,-109.583000183105,Progreso,0,America/Hermosillo,-7
3869301,mx,31.2999992370605,-113.491996765137,Las Conchas,0,America/Hermosillo,-7
3868939,se,60.3166999816895,18.5666999816895,Vargsskär,0,Europe/Stockholm,1
3868716,se,60.13330078125,18.5499992370605,Tirsdalen,0,Europe/Stockholm,1
3868704,se,60.0250015258789,18.7833003997803,Johannevik,0,Europe/Stockholm,1
3868701,se,60,18.7833003997803,Holmsberg,0,Europe/Stockholm,1
3868596,se,59.88330078125,18.86669921875,Baggboda,0,Europe/Stockholm,1
3868519,ru,56.2277984619141,162.477996826172,Ust'-Kamchatsk Staryy,0,Asia/Kamchatka,12
3867883,se,59.9000015258789,18.9666996002197,Söderbyle,0,Europe/Stockholm,1
3866696,cn,33.4500007629395,120.300003051758,Qingfengdadui,0,Asia/Shanghai,8
3866645,cn,33.7667007446289,120.233001708984,Hexing,0,Asia/Shanghai,8
3866543,cn,33.2167015075684,119.333000183105,Huazhuang,1,Asia/Shanghai,8
3866533,cn,33.24169921875,119.383003234863,Wangyugang,0,Asia/Shanghai,8
3866526,cn,33.2667007446289,119.317001342773,Jiangjiaqiao,1,Asia/Shanghai,8
3866507,cn,33.36669921875,119.016998291016,Liuzhuang,0,Asia/Shanghai,8
3866433,cn,33.5332984924316,119.150001525879,Chengdong,0,Asia/Shanghai,8
3866411,cn,33.5999984741211,119.133003234863,Xuyangzhuang,0,Asia/Shanghai,8
3866410,cn,33.5917015075684,119.083000183105,Bochi,0,Asia/Shanghai,8
3866356,cn,33.7667007446289,119.782997131348,Dengshe,1,Asia/Shanghai,8
3866346,cn,33.7667007446289,119.317001342773,Paifang,1,Asia/Shanghai,8
3866343,cn,33.7750015258789,119.133003234863,Wangzhuang,0,Asia/Shanghai,8
3866330,cn,33.7999992370605,119.266998291016,Zhuma,0,Asia/Shanghai,8
3866271,cn,33.7832984924316,119.833000183105,Xiayaowan,0,Asia/Shanghai,8
3866263,sy,32.7806015014648,35.6833000183105,Qal‘at al Ḩişn,0,Asia/Jerusalem,2
3866261,sy,32.8361015319824,35.6861000061035,Lūbiyat Wādis,0,Asia/Jerusalem,2
3866258,sy,32.875,35.75,Al Qaş‘īyah,0,Asia/Jerusalem,2
3866249,sy,32.997200012207,35.6805992126465,Şanawbar,0,Asia/Jerusalem,2
3866184,cn,32.5360984802246,120.456001281738,Maotangqiao,0,Asia/Shanghai,8
3866181,cn,32.5443992614746,120.119003295898,Hudai,0,Asia/Shanghai,8
3866115,cn,31.1721992492676,119.703002929688,Xingzhuang,0,Asia/Shanghai,8
3866111,cn,31.1805992126465,119.525001525879,Shiyanli,0,Asia/Shanghai,8
3866110,cn,31.1693992614746,119.458000183105,Songlin,0,Asia/Shanghai,8
3866105,cn,31.2082996368408,119.380996704102,Tiangan,0,Asia/Shanghai,8
3866103,cn,31.247200012207,119.833000183105,Zhoushu,0,Asia/Shanghai,8
3866101,cn,31.25,119.567001342773,Hengshan,0,Asia/Shanghai,8
3866100,cn,31.25,119.502998352051,Xinchating,0,Asia/Shanghai,8
3866098,cn,31.2861003875732,119.772003173828,Longtoucun,0,Asia/Shanghai,8
3866096,cn,31.2943992614746,119.664001464844,Shanjuan,0,Asia/Shanghai,8
3866094,cn,31.2693996429443,119.432998657227,Fengjiabian,0,Asia/Shanghai,8
3866093,cn,31.2971992492676,119.411003112793,Daochangbu,0,Asia/Shanghai,8
3866080,cn,31.3472003936768,119.828002929688,Longtan,0,Asia/Shanghai,8
3866076,cn,31.3360996246338,119.491996765137,Daibei,0,Asia/Shanghai,8
3866071,cn,31.36669921875,119.03099822998,Shucun,0,Asia/Shanghai,8
3866056,cn,31.4167003631592,119.055999755859,Jingtang,0,Asia/Shanghai,8
3866046,cn,31.4750003814697,119.932998657227,Wanshi,0,Asia/Shanghai,8
3866009,cn,31.6499996185303,119.97200012207,Miaoqiao,1,Asia/Shanghai,8
3866002,cn,31.6555995941162,119.039001464844,Chengjiao,0,Asia/Shanghai,8
3866001,cn,31.6805992126465,119.974998474121,Qingshancun,0,Asia/Shanghai,8
3866000,cn,31.6972007751465,119.897003173828,Lujiaxiang,0,Asia/Shanghai,8
3865999,cn,31.6833000183105,119.786003112793,Jiaze,0,Asia/Shanghai,8
3865993,cn,31.6749992370605,119.064002990723,Shilipai,0,Asia/Shanghai,8
3865974,cn,31.7971992492676,119.877998352051,Beigang,0,Asia/Shanghai,8
3865969,cn,31.7889003753662,119.293998718262,Maoshan,0,Asia/Shanghai,8
3865965,cn,31.8166999816895,119.963996887207,Sanjing,0,Asia/Shanghai,8
3865961,cn,31.8138999938965,119.333000183105,Miaoxi,0,Asia/Shanghai,8
3865959,cn,31.8444004058838,119.872001647949,Lüshu,0,Asia/Shanghai,8
3865940,cn,31.8999996185303,119.807998657227,Luoxi,2,Asia/Shanghai,8
3865916,cn,31.9832992553711,119.608001708984,Huanghuo,1,Asia/Shanghai,8
3865833,cn,32.3471984863281,120.567001342773,Daming,0,Asia/Shanghai,8
3865814,cn,32.4082984924316,120.583000183105,Xinmin,1,Asia/Shanghai,8
3865792,cn,32.480598449707,120.161003112793,Taiyu,0,Asia/Shanghai,8
3865781,cn,32.50830078125,120.136001586914,Jiangnian,0,Asia/Shanghai,8
3865775,cn,32.5499992370605,120.150001525879,Guanzhuang,0,Asia/Shanghai,8
3865760,cn,32.6027984619141,120.069000244141,Zhongzhuchang,0,Asia/Shanghai,8
3865745,cn,32.6777992248535,120.263999938965,Baidian,0,Asia/Shanghai,8
3865733,cn,32.75,120.166999816895,Zhangguo,0,Asia/Shanghai,8
3865731,cn,32.75,120.067001342773,Guzhuang,0,Asia/Shanghai,8
3865724,cn,32.7722015380859,120.430999755859,Huajiazao,0,Asia/Shanghai,8
3865676,cn,32.0013999938965,119.621002197266,Jinglin,1,Asia/Shanghai,8
3865672,cn,32.0250015258789,119.03099822998,Shang'anziqiao,0,Asia/Shanghai,8
3865660,cn,32.0699996948242,119.849998474121,Jiepai,0,Asia/Shanghai,8
3865658,cn,32.0694007873535,119.752998352051,Matunlijia,1,Asia/Shanghai,8
3865646,cn,32.1027984619141,119.022003173828,Shifo'an,0,Asia/Shanghai,8
3865637,cn,32.1472015380859,119.352996826172,Shitougang,0,Asia/Shanghai,8
3865633,cn,32.1944007873535,119.703002929688,Gexiangli,0,Asia/Shanghai,8
3865632,cn,32.1693992614746,119.668998718262,Jiangdai,0,Asia/Shanghai,8
3865624,cn,32.2144012451172,119.68399810791,Hanqiao,0,Asia/Shanghai,8
3865620,cn,32.2139015197754,119.303001403809,Shiye,0,Asia/Shanghai,8
3865617,cn,32.2491989135742,119.907997131348,Yong'anzhou,1,Asia/Shanghai,8
3865600,cn,32.3286018371582,119.901000976562,Xuzhuang,0,Asia/Shanghai,8
3865588,cn,32.3456001281738,119.703002929688,Zhongzha,1,Asia/Shanghai,8
3865577,cn,32.3694000244141,119.458000183105,Tangwang,0,Asia/Shanghai,8
3865576,cn,32.3889007568359,119.407997131348,Shuangqiao,0,Asia/Shanghai,8
3865575,cn,32.3972015380859,119.356002807617,Yinjiahu,0,Asia/Shanghai,8
3865569,cn,32.3993988037109,119.886001586914,Sixiang,0,Asia/Shanghai,8
3865565,cn,32.4082984924316,119.606002807617,Zhengyi,0,Asia/Shanghai,8
3865561,cn,32.4028015136719,119.296997070312,Zhangjiaying,0,Asia/Shanghai,8
3865554,cn,32.4639015197754,119.513999938965,Tai'an,0,Asia/Shanghai,8
3865464,cn,32.763599395752,119.448997497559,Wu'an,0,Asia/Shanghai,8
3865456,cn,32.8111000061035,119.439002990723,Huayuanzhuang,0,Asia/Shanghai,8
3865443,cn,32.894401550293,119.835998535156,Lincheng,0,Asia/Shanghai,8
3865436,cn,32.9255981445312,119.858001708984,Duotian,0,Asia/Shanghai,8
3863887,se,59.9000015258789,18.9832992553711,Bylehamn,1,Europe/Stockholm,1
3863871,se,59.8333015441895,18.9167003631592,Överlöpe,0,Europe/Stockholm,1
3863848,se,59.7999992370605,18.8999996185303,Sunddalen,0,Europe/Stockholm,1
3863847,se,59.7750015258789,18.9333000183105,Norrsjön,0,Europe/Stockholm,1
3863720,mx,22.6499996185303,-98.5500030517578,Graciano Sanchez,0,America/Monterrey,-6
3863453,mx,24.8500003814697,-98.1500015258789,San Fernando,0,America/Monterrey,-6
3863199,mx,27.4669127113442,-99.5260925292969,Laredo,0,America/Chicago,-6
3863146,fi,65.3167037963867,25.5,Paasonperä,0,Europe/Helsinki,2
3862919,cn,31.3624992370605,118.945999145508,Gubai,0,Asia/Shanghai,8
3862905,cn,31.69580078125,118.925003051758,Caocun,0,Asia/Shanghai,8
3862903,cn,31.7082996368408,118.712997436523,Yaotoucun,0,Asia/Shanghai,8
3862900,cn,31.7250003814697,118.862998962402,Donghucun,0,Asia/Shanghai,8
3862896,cn,31.7749996185303,118.682998657227,Dafengcun,0,Asia/Shanghai,8
3862892,cn,31.7999992370605,118.883003234863,Yangshuwan,0,Asia/Shanghai,8
3862891,cn,31.8083000183105,118.787002563477,Hutou,0,Asia/Shanghai,8
3862889,cn,31.8542003631592,118.712997436523,Datangjin,0,Asia/Shanghai,8
3862887,cn,31.8292007446289,118.596000671387,Qingxiu,0,Asia/Shanghai,8
3862884,cn,31.88330078125,118.900001525879,Jiexi,0,Asia/Shanghai,8
3862883,cn,31.8791999816895,118.807998657227,Zhucun,1,Asia/Shanghai,8
3862877,cn,31.9125003814697,118.858001708984,Fangshan,0,Asia/Shanghai,8
3862876,cn,31.9083003997803,118.811996459961,Yinxiang,0,Asia/Shanghai,8
3862875,cn,31.8999996185303,118.712997436523,Sanbanqiao,0,Asia/Shanghai,8
3862868,cn,31.9832992553711,118.916999816895,Yucun,0,Asia/Shanghai,8
3862867,cn,31.9624996185303,118.75,Tiexinqiao,0,Asia/Shanghai,8
3862865,cn,31.9874992370605,118.724998474121,Shazhou,0,Asia/Shanghai,8
3862857,cn,32.0125007629395,118.791999816895,Shimenkan,0,Asia/Shanghai,8
3862856,cn,32.0041999816895,118.766998291016,Yuhuazhen,0,Asia/Shanghai,8
3862854,cn,32.0167007446289,118.592002868652,Jianshe,1,Asia/Shanghai,8
3862852,cn,32.05419921875,118.916999816895,Qilin,0,Asia/Shanghai,8
3862851,cn,32.0999984741211,118.782997131348,Xiaoshizhen,0,Asia/Shanghai,8
3862850,cn,32.0750007629395,118.625,Chengdong,0,Asia/Shanghai,8
3862844,cn,32.1124992370605,118.954002380371,Dongchanglin,0,Asia/Shanghai,8
3862843,cn,32.125,118.920997619629,Qianjiadu,0,Asia/Shanghai,8
3862841,cn,32.1478004455566,118.708000183105,Taishanxinzhen,0,Asia/Shanghai,8
3862835,cn,32.1833000183105,118.916999816895,Daizhuang,0,Asia/Shanghai,8
3862831,cn,32.1666984558105,118.712997436523,Yanjiang,0,Asia/Shanghai,8
3862829,cn,32.1749992370605,118.670997619629,Shenzhuang,0,Asia/Shanghai,8
3862815,cn,32.3250007629395,118.762001037598,Taiwan,0,Asia/Shanghai,8
3862804,cn,32.42919921875,118.978996276855,Zaoyuan,0,Asia/Shanghai,8
3862774,cn,32.7874984741211,118.641998291016,Chachang,0,Asia/Shanghai,8
3862773,cn,32.7902984619141,118.587997436523,Wangdian,0,Asia/Shanghai,8
3862728,cn,33.11669921875,118.787002563477,Sanhe,0,Asia/Shanghai,8
3862709,cn,33.2874984741211,118.932998657227,Duzhuang,0,Asia/Shanghai,8
3862707,cn,33.2916984558105,118.866996765137,Gaojian,0,Asia/Shanghai,8
3862599,cn,33.7332992553711,118.737998962402,Geji,0,Asia/Shanghai,8
3862533,cn,33.9333000183105,118.353996276855,Zhuoxu,0,Asia/Shanghai,8
3862511,cn,33.9625015258789,118.454002380371,Xinzhuang,0,Asia/Shanghai,8
3861417,mx,22.25,-102.932998657227,Encarnación,0,America/Mexico_City,-6
3861307,mx,22.5666999816895,-102,Bajío de San Nicolás,0,America/Mexico_City,-6
3861223,mx,22.75,-102.599998474121,El Orito,0,America/Mexico_City,-6
3860785,mx,23.4666996002197,-102.666999816895,El Noventa,0,America/Mexico_City,-6
3860387,mx,23.9500007629395,-102.616996765137,El Encinal,0,America/Mexico_City,-6
3860377,mx,24.1833000183105,-102.733001708984,Matías Ramos,0,America/Mexico_City,-6
3860166,mx,21.38330078125,-99.0667037963867,Zacatipa,0,America/Mexico_City,-6
3860165,mx,21.38330078125,-99.0167007446289,Apetzco,0,America/Mexico_City,-6
3860164,mx,21.4167003631592,-99.0167007446289,Ahuayo,0,America/Mexico_City,-6
3860065,mx,21.75,-98.9666976928711,Beatriz,0,America/Mexico_City,-6
3860025,mx,21.9167003631592,-98.9832992553711,Los Nopales,0,America/Mexico_City,-6
3860010,mx,21.9832992553711,-98.7667007446289,Antiguo Tamuín,1,America/Mexico_City,-6
3859926,mx,21.9167003631592,-99.1832962036133,Los Remedios,0,America/Mexico_City,-6
3859853,mx,21.8500003814697,-99.9666976928711,Bordo Blanco,0,America/Mexico_City,-6
3859627,mx,22.0167007446289,-99.0667037963867,Valles,1,America/Mexico_City,-6
3859609,mx,22.0832996368408,-99.3000030517578,Damían Carmona,2,America/Mexico_City,-6
3859451,mx,22.25,-100.133003234863,El Progeso,0,America/Mexico_City,-6
3859417,mx,22.0167007446289,-100.766998291016,La Esperanza,0,America/Mexico_City,-6
3859396,mx,22.13330078125,-100.849998474121,San Nicolás,0,America/Mexico_City,-6
3859395,mx,22.13330078125,-100.883003234863,La Libertad,0,America/Mexico_City,-6
3859367,mx,22.38330078125,-100.550003051758,Rancho Nuevo de la Cruz,0,America/Mexico_City,-6
3859329,mx,22.0832996368408,-101.116996765137,Pozuelos,0,America/Mexico_City,-6
3859316,mx,22.2000007629395,-101.083000183105,Suspiro Picacho,0,America/Mexico_City,-6
3859271,mx,22.52089,-99.32355,El Naranjo,2,America/Mexico_City,-6
3859075,mx,22.6667003631592,-101.717002868652,El Carmen,0,America/Mexico_City,-6
3858965,mx,23.2999992370605,-100.800003051758,El Matorral,0,America/Mexico_City,-6
3858789,mx,23.61669921875,-100.967002868652,San Rafael de las Torres,0,America/Mexico_City,-6
3858784,mx,23.6499996185303,-100.949996948242,El Mastranto,0,America/Mexico_City,-6
3858779,mx,23.7000007629395,-100.866996765137,El Refugio,0,America/Mexico_City,-6
3857139,cn,34.00830078125,118.442001342773,Zhuwei,0,Asia/Shanghai,8
3857136,cn,34.0250015258789,118.28099822998,Liuzhuang,0,Asia/Shanghai,8
3857128,cn,34.0555992126465,118.303001403809,Xiaodian,0,Asia/Shanghai,8
3857123,cn,34.0861015319824,118.842002868652,Tangfang,0,Asia/Shanghai,8
3857122,cn,34.0971984863281,118.791999816895,Xuzhuang,1,Asia/Shanghai,8
3857113,cn,34.1194000244141,118.805999755859,Guoyuan,0,Asia/Shanghai,8
3857049,cn,34.2943992614746,118.002998352051,Houbaoche,0,Asia/Shanghai,8
3856869,cn,34.230598449707,117.25,Xiahetou,0,Asia/Shanghai,8
3856868,cn,34.2056007385254,117.180999755859,Beizhaishan,0,Asia/Shanghai,8
3856867,cn,34.2193984985352,117.150001525879,Chapeng,0,Asia/Shanghai,8
3856853,cn,34.25,117.213996887207,Shizishan,0,Asia/Shanghai,8
3856842,cn,34.2750015258789,117.282997131348,Donghecun,0,Asia/Shanghai,8
3856811,cn,34.386100769043,117.460998535156,Quanhe,1,Asia/Shanghai,8
3856799,cn,34.4277992248535,117.460998535156,Daquan,0,Asia/Shanghai,8
3856288,at,48.2167015075684,16.1000003814697,Troppberg,0,Europe/Vienna,1
3856253,at,48.20424,16.09802,Irenental,0,Europe/Vienna,1
3856252,at,48.2000007629395,16.1000003814697,Brettwies,1,Europe/Vienna,1
3855863,at,48.0167007446289,16.2332992553711,Einöde,0,Europe/Vienna,1
3855706,cn,34.0499992370605,119.199996948242,Zhangtangzhuang,0,Asia/Shanghai,8
3855656,cn,34.2167015075684,119.574996948242,Changmao,0,Asia/Shanghai,8
3855635,cn,34.3333015441895,119.853996276855,Chaohe,0,Asia/Shanghai,8
3855634,cn,34.3499984741211,119.795997619629,Caogang,0,Asia/Shanghai,8
3855605,cn,34.3541984558105,119.532997131348,Xudagou,0,Asia/Shanghai,8
3855570,cn,34.4249992370605,119.241996765137,Dongtangzhuang,0,Asia/Shanghai,8
3855566,cn,34.44580078125,119.083000183105,Qiandatun,0,Asia/Shanghai,8
3855555,cn,34.55419921875,119.170997619629,Hongmenxiang,0,Asia/Shanghai,8
3855548,cn,34.7000007629395,119.366996765137,Yunshan,0,Asia/Shanghai,8
3855547,cn,34.6417007446289,119.233001708984,Huaguoshan,0,Asia/Shanghai,8
3855546,cn,34.625,119.233001708984,Danglu,1,Asia/Shanghai,8
3855532,cn,34.8791999816895,119.153999328613,Dapanzi,0,Asia/Shanghai,8
3852752,mx,27.4832992553711,-107.866996765137,San Rafael,0,America/Chihuahua,-7
3852482,mx,27.5499992370605,-107.782997131348,Mogolabo,0,America/Chihuahua,-7
3852255,mx,28.3999996185303,-105.616996765137,Lazaro Cardenas,0,America/Chihuahua,-7
3852054,mx,28.9500007629395,-106.317001342773,La Cendradita,0,America/Chihuahua,-7
3851997,mx,27.6499996185303,-107.849998474121,Huichigomachi,0,America/Chihuahua,-7
3851797,mx,31.61669921875,-106.333000183105,El Sauzal,1,America/Ojinaga,-7
3851271,mx,26.8166999816895,-107.083000183105,Bajío Las Palmas,0,America/Chihuahua,-7
3851221,mx,31.7833003997803,-106.583000183105,Alfredo V. Bonfil,0,America/Ojinaga,-7
3846887,cy,34.7000007629395,33,Berengaria Village,0,Asia/Nicosia,2
3846765,cy,34.74169921875,32.8875007629395,Souni,0,Asia/Nicosia,2
3846762,cy,34.7332992553711,32.8791999816895,Zanaja,1,Asia/Nicosia,2
3846088,at,47.5,14.5333003997803,Größing,0,Europe/Vienna,1
3845879,at,47.4166984558105,14.4499998092651,Pölsen,0,Europe/Vienna,1
3845700,at,47.3499984741211,14.3332996368408,Hinterwinkel,0,Europe/Vienna,1
3845684,at,47.3333015441895,14.4833002090454,Lerchgraben,0,Europe/Vienna,1
3845530,at,47.2832984924316,14.5166997909546,Wenischgraben,1,Europe/Vienna,1
3845518,at,47.2738990783691,14.4933004379272,Falting,1,Europe/Vienna,1
3845408,at,47.25249,14.36824,Lachtal,18,Europe/Vienna,1
3842657,cn,27.9013996124268,108.750999450684,Zhaigongping,0,Asia/Shanghai,8
3842611,cn,27.111400604248,107.466003417969,Yinzhan,1,Asia/Shanghai,8
3842165,cn,29.034200668335,107.38500213623,Shiren,0,Asia/Shanghai,8
3839733,se,62.4536018371582,17.4724998474121,Stornäset,0,Europe/Stockholm,1
3839677,se,62.3847007751465,17.2861003875732,Södermalm,0,Europe/Stockholm,1
3838535,ir,36.2332992553711,50.0499992370605,Dīzaj,0,Asia/Tehran,4
3836165,cn,24.9582996368408,104.932998657227,Nahui,0,Asia/Shanghai,8
3836082,cn,25.6875,106.896003723145,Hanglong,0,Asia/Shanghai,8
3836021,cn,25.1000003814697,105.487998962402,Zhaoti,0,Asia/Shanghai,8
3836015,cn,25.1042003631592,105.016998291016,Louna,0,Asia/Shanghai,8
3835991,cn,25.2292003631592,105.182998657227,Zhulin,0,Asia/Shanghai,8
3835976,cn,25.4249992370605,105.625,Dabei,1,Asia/Shanghai,8
3835959,cn,25.4167003631592,105.217002868652,Yangsitun,0,Asia/Shanghai,8
3835951,cn,25.49169921875,105.003997802734,Jintang,0,Asia/Shanghai,8
3835891,cn,25.8332996368408,105.233001708984,Shizi,0,Asia/Shanghai,8
3835862,cn,25.0499992370605,104.949996948242,Fengdu,0,Asia/Shanghai,8
3835772,se,62.9832992553711,17.86669921875,Hjälta,1,Europe/Stockholm,1
3835754,se,62.9166984558105,17.9333000183105,Bergsviken,0,Europe/Stockholm,1
3835699,se,62.8166999816895,17.9832992553711,Sandöverken,3,Europe/Stockholm,1
3835541,cn,26.11669921875,106.650001525879,Huishui,0,Asia/Shanghai,8
3835500,cn,26.3871994018555,106.58699798584,Dangwu,1,Asia/Shanghai,8
3835488,cn,26.6583003997803,106.650001525879,Jinzhuzhen,0,Asia/Shanghai,8
3835476,cn,26.5583000183105,106.483001708984,Dongmenqiao,0,Asia/Shanghai,8
3835461,cn,26.6667003631592,106.641998291016,Yanshanhong,0,Asia/Shanghai,8
3835408,cn,25.9981002807617,105.657997131348,Huangguoshu Zhen,0,Asia/Shanghai,8
3835402,cn,26.0333003997803,105.633003234863,Xinggong,0,Asia/Shanghai,8
3835368,cn,26.1833000183105,105.483001708984,Yutang,0,Asia/Shanghai,8
3835363,cn,26.2219009399414,105.452003479004,Pingzhai Zhen,0,Asia/Shanghai,8
3835246,cn,26.75,105.375,Maochang,0,Asia/Shanghai,8
3834397,se,63.5167007446289,19.5832996368408,Bäcknäset,0,Europe/Stockholm,1
3834031,at,47.2167015075684,12.8332996368408,Steg,0,Europe/Vienna,1
3834030,at,47.2167015075684,12.8332996368408,Herrenhaus,0,Europe/Vienna,1
3833526,at,47.0499992370605,12.8166999816895,Marx,0,Europe/Vienna,1
3832582,cn,27.7752990722656,106.857002258301,Hailong,0,Asia/Shanghai,8
3832276,cn,28.3474998474121,106.458999633789,Chayuan,0,Asia/Shanghai,8
3832219,cn,28.4650001525879,105.830001831055,Bing'an,0,Asia/Shanghai,8
3832218,cn,28.4650001525879,105.766998291016,Kaixuan,0,Asia/Shanghai,8
3831972,se,63.99169921875,20.8999996185303,Båkskäret,0,Europe/Stockholm,1
3830539,cn,30.8332996368408,119.467002868652,Shangyang,0,Asia/Shanghai,8
3830411,cn,30.9416999816895,118.583000183105,Qiaotou,0,Asia/Shanghai,8
3830356,cn,30.8999996185303,118.358001708984,Hejiadian,1,Asia/Shanghai,8
3830237,cn,30.9416999816895,117.849998474121,Xihu,0,Asia/Shanghai,8
3830199,cn,31.0750007629395,119.550003051758,Xinhangzhen,0,Asia/Shanghai,8
3830174,cn,31.1667003631592,119.217002868652,Xianzhuchang,0,Asia/Shanghai,8
3830109,cn,31.13330078125,118.583000183105,Liangzhongchang,0,Asia/Shanghai,8
3830103,cn,31.2000007629395,118.942001342773,Yangtian,0,Asia/Shanghai,8
3830087,cn,31.1833000183105,118.616996765137,Laocunjie,0,Asia/Shanghai,8
3830044,cn,31.0666999816895,118.175003051758,Wuli,0,Asia/Shanghai,8
3829849,cn,31.5583000183105,118.557998657227,Zanghan,0,Asia/Shanghai,8
3829836,cn,31.6417007446289,118.633003234863,Xushan,0,Asia/Shanghai,8
3829831,cn,31.6499996185303,118.525001525879,Jiashan,0,Asia/Shanghai,8
3829830,cn,31.36669921875,118.449996948242,Wangxu,0,Asia/Shanghai,8
3829760,cn,31.6499996185303,118.491996765137,Gangzi,0,Asia/Shanghai,8
3829737,cn,31.6916999816895,118.532997131348,Fengqiao,0,Asia/Shanghai,8
3829736,cn,31.6749992370605,118.483001708984,Yushan,1,Asia/Shanghai,8
3829719,cn,31.75,118.282997131348,Houhuliu,0,Asia/Shanghai,8
3829714,cn,31.7250003814697,118.083000183105,Jiulian,2,Asia/Shanghai,8
3829673,cn,31.94479,118.28028,Shiyangzhen,0,Asia/Shanghai,8
3829594,cn,31.5417003631592,117.766998291016,Qiaowan,0,Asia/Shanghai,8
3829592,cn,31.5832996368408,117.782997131348,Zhangjiahu,0,Asia/Shanghai,8
3829574,cn,31.6749992370605,117.807998657227,Pengcun,0,Asia/Shanghai,8
3829462,cn,31.9666996002197,117.516998291016,Caixiaoying,0,Asia/Shanghai,8
3828339,at,47.7167015075684,14.3000001907349,Örgl,0,Europe/Vienna,1
3828272,at,47.7000007629395,14.2666997909546,Walchegg,0,Europe/Vienna,1
3828252,at,47.7000007629395,14.1667003631592,Farnau,0,Europe/Vienna,1
3828211,at,47.6833000183105,14.1167001724243,Hinterberg,1,Europe/Vienna,1
3827944,at,47.5666999816895,14.25,Auf der Leiten,0,Europe/Vienna,1
3827851,at,47.5332984924316,14.25,Moos,0,Europe/Vienna,1
3826241,mx,23.2250003814697,-106.733001708984,El Habal,0,America/Mazatlan,-7
3826209,mx,23.11669921875,-106.067001342773,El Guajolote,0,America/Mazatlan,-7
3826204,mx,23.1833000183105,-106.400001525879,Isla La Piedra,0,America/Mazatlan,-7
3826181,mx,23.4666996002197,-106.217002868652,El Pichilingue,0,America/Mazatlan,-7
3826129,mx,23.5167007446289,-106.5,Puente El Quelite,0,America/Mazatlan,-7
3826106,mx,23.6667003631592,-106.807998657227,Barra de Piaxtla,0,America/Mazatlan,-7
3826104,mx,23.8500003814697,-106.833000183105,Celestino Gasca,1,America/Mazatlan,-7
3825956,mx,24.5666999816895,-107.400001525879,Arbaco,0,America/Mazatlan,-7
3825846,mx,25.3332996368408,-107.791999816895,El Número Tres,0,America/Mazatlan,-7
3825634,mx,25.7166996002197,-109.032997131348,Las Mañepitas,0,America/Mazatlan,-7
3825565,mx,26.2166996002197,-109.067001342773,Poblado Chico,0,America/Mazatlan,-7
3824321,cn,29.4624996185303,118.150001525879,Lingnan Linchang,0,Asia/Shanghai,8
3824289,cn,29.5583000183105,117.887001037598,Xuyuan,0,Asia/Shanghai,8
3824281,cn,29.6457996368408,117.991996765137,Huaqiao,0,Asia/Shanghai,8
3824220,cn,29.6916999816895,118.271003723145,Shizhong,0,Asia/Shanghai,8
3824219,cn,29.7082996368408,118.282997131348,Liyangzhen,0,Asia/Shanghai,8
3824209,cn,29.7667007446289,118.358001708984,Tunguangzhen,0,Asia/Shanghai,8
3824206,cn,29.7311000823975,118.287002563477,Xintan,0,Asia/Shanghai,8
3824187,cn,29.8166999816895,118.266998291016,Shangchanglin,0,Asia/Shanghai,8
3824177,cn,29.875,118.324996948242,Tangmo Chachang,0,Asia/Shanghai,8
3824176,cn,29.9083003997803,118.329002380371,Shuyuan,0,Asia/Shanghai,8
3824175,cn,29.9235992431641,118.283996582031,Chengkan,0,Asia/Shanghai,8
3824174,cn,29.8999996185303,118.25,Shichuan,0,Asia/Shanghai,8
3824106,cn,29.9069004058838,117.990997314453,Dongyuan,0,Asia/Shanghai,8
3824105,cn,29.875,117.938003540039,Qinglingshan,0,Asia/Shanghai,8
3824092,cn,29.9416999816895,117.974998474121,Pingshan,0,Asia/Shanghai,8
3824091,cn,29.9167003631592,117.932998657227,Xianchachang,0,Asia/Shanghai,8
3824090,cn,29.9563999176025,117.908996582031,San-tu,0,Asia/Shanghai,8
3824089,cn,29.92919921875,117.900001525879,Dashitai,0,Asia/Shanghai,8
3824059,cn,30.0291996002197,118.599998474121,Xintian,0,Asia/Shanghai,8
3824055,cn,30.1082992553711,118.787002563477,Dazhang,0,Asia/Shanghai,8
3824051,cn,30.11669921875,118.675003051758,Zhongqiaochuan,0,Asia/Shanghai,8
3824041,cn,30.1583003997803,118.811996459961,Xiaoyao,0,Asia/Shanghai,8
3824007,cn,30.3166999816895,118.532997131348,Huatan,0,Asia/Shanghai,8
3823996,cn,30.0417003631592,118.175003051758,Fangcun,0,Asia/Shanghai,8
3823994,cn,30.0375003814697,118.137001037598,Dalingxia,0,Asia/Shanghai,8
3823985,cn,30.1000003814697,118.199996948242,Kuzhuxi,0,Asia/Shanghai,8
3823984,cn,30.0583000183105,118.166999816895,Zhaixi,0,Asia/Shanghai,8
3823973,cn,30.11669921875,118.25,Sukeng,0,Asia/Shanghai,8
3823972,cn,30.1417007446289,118.237998962402,Beiguanqiao,0,Asia/Shanghai,8
3823970,cn,30.1457996368408,118.166999816895,Beihaibinguan,0,Asia/Shanghai,8
3823949,cn,30.23041,118.1602,Gengcheng,0,Asia/Shanghai,8
3823934,cn,30.3292007446289,118.003997802734,Miaoxia,0,Asia/Shanghai,8
3823932,cn,30.0167007446289,117.967002868652,Lucun,0,Asia/Shanghai,8
3823852,cn,30.3332996368408,119.150001525879,Liyucun,0,Asia/Shanghai,8
3823753,cn,30.5832996368408,118.900001525879,Xikengwu,0,Asia/Shanghai,8
3823745,cn,30.6000003814697,118.612998962402,Tingxi,0,Asia/Shanghai,8
3823731,cn,30.6457996368408,118.608001708984,Aimin,0,Asia/Shanghai,8
3823728,cn,30.6583003997803,118.567001342773,Taipingkeng,0,Asia/Shanghai,8
3823718,cn,30.3582992553711,118.061996459961,Pinghuzhen,0,Asia/Shanghai,8
3823692,cn,30.49169921875,118.041999816895,Shengcun,0,Asia/Shanghai,8
3823680,cn,30.5167007446289,118.032997131348,Zhaji,0,Asia/Shanghai,8
3823677,cn,30.5958003997803,118.391998291016,Huangjianao,0,Asia/Shanghai,8
3823643,cn,30.4041996002197,117.991996765137,Shangwenlou,0,Asia/Shanghai,8
3823625,cn,30.4582996368408,117.532997131348,Dalongshan,0,Asia/Shanghai,8
3823608,cn,30.5457992553711,117.866996765137,Zhubei,0,Asia/Shanghai,8
3823607,cn,30.5417003631592,117.791999816895,Jiuhua,0,Asia/Shanghai,8
3823584,cn,30.63330078125,117.866996765137,Chengdong,0,Asia/Shanghai,8
3822427,cn,33.488899230957,117.900001525879,Duzhuang,1,Asia/Shanghai,8
3822145,cn,34.0416984558105,117.092002868652,Zhaolou,0,Asia/Shanghai,8
3822081,mx,19.25,-104.567001342773,Cihuatlán,1,America/Mexico_City,-6
3822080,mx,19.3166999816895,-104.916999816895,Tecuán,0,America/Mexico_City,-6
3822024,mx,20.7833003997803,-105.166999816895,Sonoral,0,America/Mazatlan,-7
3820328,ru,57.2644004821777,34.8349990844727,Tveretskiy,0,Europe/Moscow,3
3820147,ru,57.1232986450195,34.9467010498047,Kryukovo,0,Europe/Moscow,3
3820061,ru,57.1688995361328,34.8513984680176,Dityatkino,0,Europe/Moscow,3
3819802,cn,30.1056003570557,116.713996887207,Jiangta,0,Asia/Shanghai,8
3819712,cn,30.5305995941162,117.106002807617,Renyuexing,0,Asia/Shanghai,8
3819702,cn,30.5417003631592,117.041999816895,Xiaokeng,0,Asia/Shanghai,8
3819695,cn,30.5694007873535,117.053001403809,Shaqiao,0,Asia/Shanghai,8
3819694,cn,30.5916996002197,117.005996704102,Dalongshanzhen,0,Asia/Shanghai,8
3819595,cn,30.625,116.541999816895,Gaoji,0,Asia/Shanghai,8
3819588,cn,30.6639003753662,116.571998596191,Pengling,0,Asia/Shanghai,8
3819491,cn,30.6693992614746,116.502998352051,Wangjialaowu,0,Asia/Shanghai,8
3819359,cn,31.24169921875,117.305999755859,Chenguang,0,Asia/Shanghai,8
3819330,cn,31.0527992248535,116.967002868652,Wangguolu,1,Asia/Shanghai,8
3819271,cn,31.3027992248535,116.766998291016,Xiaziwan,0,Asia/Shanghai,8
3819217,cn,31.5972003936768,117.491996765137,Weijiachong,0,Asia/Shanghai,8
3819119,cn,31.6944007873535,117.067001342773,Luxijing,0,Asia/Shanghai,8
3819110,cn,31.7138996124268,117.011001586914,Xianshiliaochang,0,Asia/Shanghai,8
3819107,cn,31.74169921875,117.266998291016,Wangdaying,4,Asia/Shanghai,8
3819106,cn,31.761100769043,117.217002868652,Wanglinying,0,Asia/Shanghai,8
3819104,cn,31.738899230957,117.178001403809,Sanshigang,2,Asia/Shanghai,8
3819095,cn,31.7667007446289,117.317001342773,Luogang,2,Asia/Shanghai,8
3819092,cn,31.7861003875732,117.224998474121,Shibagang,1,Asia/Shanghai,8
3819091,cn,31.7693996429443,117.161003112793,Lianlianba,0,Asia/Shanghai,8
3819090,cn,31.7943992614746,117.138999938965,Chang'an,0,Asia/Shanghai,8
3819086,cn,31.8222007751465,117.261001586914,Nanqi,2,Asia/Shanghai,8
3819084,cn,31.8278007507324,117.150001525879,Dayinggang,1,Asia/Shanghai,8
3819080,cn,31.8332996368408,117.40299987793,Longtang,1,Asia/Shanghai,8
3819074,cn,31.8917007446289,117.303001403809,Qilitangzhen,1,Asia/Shanghai,8
3819063,cn,31.9027996063232,117.266998291016,Xinghuacunzhen,0,Asia/Shanghai,8
3819059,cn,31.9221992492676,117.081001281738,Jinwanzi,0,Asia/Shanghai,8
3819054,cn,31.9528007507324,117.263999938965,Shibagang,0,Asia/Shanghai,8
3819048,cn,31.9944000244141,117.442001342773,Zhengxiaohe,0,Asia/Shanghai,8
3819035,cn,31.6667003631592,116.553001403809,Ershilidun,0,Asia/Shanghai,8
3819024,cn,31.7028007507324,116.52799987793,Jindazhuang,0,Asia/Shanghai,8
3819016,cn,31.75830078125,116.557998657227,Chengdong,0,Asia/Shanghai,8
3819014,cn,31.747200012207,116.513999938965,Wangchenggang,0,Asia/Shanghai,8
3818967,cn,31.9528007507324,116.974998474121,Tangfangying,0,Asia/Shanghai,8
3818936,cn,32.0416984558105,117.233001708984,Shaogang,0,Asia/Shanghai,8
3818240,cy,35.144401550293,32.8039016723633,Yedidalga,0,Asia/Nicosia,2
3816110,at,47.6500015258789,13.7666997909546,Hinterposern,0,Europe/Vienna,1
3816094,at,47.6419,13.66575,Pichlern,0,Europe/Vienna,1
3816074,at,47.6500015258789,13.6167001724243,Kröß,0,Europe/Vienna,1
3816027,at,47.63330078125,13.6332998275757,Edt,0,Europe/Vienna,1
3816024,at,47.63330078125,13.6167001724243,Gschwandt,0,Europe/Vienna,1
3816022,at,47.63330078125,13.6000003814697,Steinach,0,Europe/Vienna,1
3816015,at,47.61669921875,13.8332996368408,Archkogel,1,Europe/Vienna,1
3816006,at,47.61669921875,13.8000001907349,Reith,0,Europe/Vienna,1
3816001,at,47.61669921875,13.7833003997803,Praunfalk,0,Europe/Vienna,1
3815993,at,47.61669921875,13.75,Helmbichl,1,Europe/Vienna,1
3815970,at,47.61669921875,13.6332998275757,Mühlau,0,Europe/Vienna,1
3815956,at,47.5999984741211,13.8166999816895,Anger,1,Europe/Vienna,1
3815922,at,47.5833015441895,13.8332996368408,Radling,0,Europe/Vienna,1
3813082,ir,37.9333000183105,46.0999984741211,Bāvīl-e ‘Olyā,0,Asia/Tehran,4
3812850,cy,35.1542015075684,32.57080078125,Palyambela,0,Asia/Nicosia,2
3812743,cy,35.1330986022949,32.5231018066406,Nea Dimmata,0,Asia/Nicosia,2
3811696,cy,34.8541984558105,32.3708000183105,Maa,4,Asia/Nicosia,2
3811461,xy,35.1208000183105,33.9583015441895,Ayia Trias,0,Asia/Nicosia,2
3811443,cy,34.9791984558105,33.9124984741211,Zeybekköy,0,Asia/Nicosia,2
3811048,xy,35.5833015441895,34.4166984558105,Panayia Apakou,0,Asia/Nicosia,2
3811032,xy,35.6082992553711,34.375,Ayia Trias,2,Asia/Nicosia,2
3810996,xy,35.5833015441895,34.3125,Selenias,1,Asia/Nicosia,2
3810935,ru,52.9944000244141,158.764007568359,Dolinovka,0,Asia/Kamchatka,12
3810911,ru,52.9500007629395,158.667007446289,Zavoyko,0,Asia/Kamchatka,12
3810873,ru,52.9305992126465,158.40299987793,Vilyuchinsk,0,Asia/Kamchatka,12
3810858,ru,52.9388999938965,158.231002807617,Termal'nyy,0,Asia/Kamchatka,12
3810533,mx,25.4500007629395,-102.150001525879,Ejido Parras,0,America/Monterrey,-6
3809527,xy,35.375,33.7042007446289,Ayios Nikolaos,0,Asia/Nicosia,2
3809395,xy,35.3250007629395,33.50830078125,Ayios Yeoryios,1,Asia/Nicosia,2
3809393,xy,35.3333015441895,33.5,Alakati,0,Asia/Nicosia,2
3809238,xy,35.3417015075684,33.30419921875,Ayia Varvara,1,Asia/Nicosia,2
3809209,xy,35.3457984924316,33.2792015075684,Ayios Yeoryios,1,Asia/Nicosia,2
3809179,kz,50.4249992370605,80.2917022705078,Zheleznodorozhnyy,0,Asia/Almaty,6
3809170,kz,50.38330078125,80.2332992553711,Komsomolʼskiy,0,Asia/Almaty,6
3809082,xy,35.3541984558105,33.1833000183105,Ayia Varvara,0,Asia/Nicosia,2
3808638,ir,26.8743991851807,56.0041999816895,Tomsenatī,0,Asia/Tehran,4
3806688,cn,30.1833000183105,116.133003234863,Yinwan,0,Asia/Shanghai,8
3806615,cn,30.4666996002197,116.317001342773,Chituling,1,Asia/Shanghai,8
3806614,cn,30.4582996368408,116.300003051758,Chalu,0,Asia/Shanghai,8
3806593,cn,37.6899404037059,112.749618530273,Jinzhong,10,Asia/Shanghai,8
3806520,cn,30.7332992553711,116.458000183105,Tianzhushanzhen,0,Asia/Shanghai,8
3806517,cn,30.75830078125,116.407997131348,Miaowan,0,Asia/Shanghai,8
3806485,cn,30.88330078125,116.116996765137,Changwu,0,Asia/Shanghai,8
3806476,cn,30.9416999816895,116.416999816895,Gelaowu,0,Asia/Shanghai,8
3806451,cn,30.8250007629395,115.900001525879,Jiangjiadun,0,Asia/Shanghai,8
3806417,cn,31.13330078125,116.150001525879,Hongjiafan,0,Asia/Shanghai,8
3806381,cn,31.13330078125,115.766998291016,Baimazhailinchang,0,Asia/Shanghai,8
3806376,cn,31.2082996368408,115.817001342773,Xiaohekan,0,Asia/Shanghai,8
3806375,cn,31.1749992370605,115.766998291016,Nanhe'ao,0,Asia/Shanghai,8
3806373,cn,31.25,115.932998657227,Meihe,0,Asia/Shanghai,8
3806371,cn,31.2332992553711,115.75,Liushici,0,Asia/Shanghai,8
3806364,cn,31.2332992553711,115.567001342773,Xizhuang,0,Asia/Shanghai,8
3806197,cn,31.5832996368408,115.467002868652,Shangdian,0,Asia/Shanghai,8
3806184,cn,31.75,116.432998657227,Shiliqiao,0,Asia/Shanghai,8
3806112,cn,31.7000007629395,115.983001708984,Qupu,1,Asia/Shanghai,8
3806098,cn,31.7667007446289,115.900001525879,Sundazhuang,0,Asia/Shanghai,8
3806096,cn,31.7749996185303,115.833000183105,Yangguanchong,0,Asia/Shanghai,8
3806089,cn,31.8416996002197,115.916999816895,Sifangtang,1,Asia/Shanghai,8
3806087,cn,31.88330078125,115.949996948242,Sungang,0,Asia/Shanghai,8
3805273,ir,34.61669921875,49.86669921875,Kangarān,0,Asia/Tehran,4
3805082,cn,32.6571998596191,119.012001037598,Chenzhuang,0,Asia/Shanghai,8
3805047,cn,32.4388999938965,118.428001403809,Xinhe,1,Asia/Shanghai,8
3805024,cn,32.5360984802246,118.113998413086,Xitao,0,Asia/Shanghai,8
3804945,cn,32.5222015380859,117.72200012207,Dingdong,0,Asia/Shanghai,8
3804936,cn,32.5611000061035,117.699996948242,Shilipu,1,Asia/Shanghai,8
3804874,cn,32.4416999816895,117.192001342773,Weihu,0,Asia/Shanghai,8
3804828,cn,32.6817016601562,119.037002563477,Qiujiawan,1,Asia/Shanghai,8
3804807,cn,32.7308006286621,118.995002746582,Huchengqiao,1,Asia/Shanghai,8
3804744,cn,32.739200592041,118.435997009277,Kao-t'ang-tzu,0,Asia/Shanghai,8
3804726,cn,32.8027992248535,118.022003173828,Xiaoxugang,0,Asia/Shanghai,8
3804664,cn,32.855598449707,117.585998535156,Wulimiao,0,Asia/Shanghai,8
3804658,cn,32.8917007446289,117.567001342773,Shanhoujie,0,Asia/Shanghai,8
3804592,cn,32.88330078125,117.456001281738,Lilou,0,Asia/Shanghai,8
3804568,cn,32.9693984985352,117.189002990723,Wuchazhen,2,Asia/Shanghai,8
3804520,cn,33.1194000244141,117.872001647949,Jingang,1,Asia/Shanghai,8
3804389,cn,33.3306007385254,117.352996826172,Qiaokou,2,Asia/Shanghai,8
3803670,ir,37.9832992553711,46.7332992553711,Alvar,0,Asia/Tehran,4
3802218,ir,34.2971992492676,47.0163993835449,Ḩājjī ‘Azīz-e Cheshmeh Sefīd,0,Asia/Tehran,4
3800560,kz,49.4500007629395,82.5500030517578,Algabas,0,Asia/Almaty,6
3797318,mx,23.8166999816895,-104.032997131348,General Gabriel Hernandez,0,America/Monterrey,-6
3797257,mx,23.8166999816895,-105.217002868652,Los Alamillos,0,America/Monterrey,-6
3797181,mx,24.0167007446289,-104.616996765137,Benito Juarez,0,America/Monterrey,-6
3797175,mx,24.1000003814697,-104.699996948242,Los Arcos,0,America/Monterrey,-6
3795074,at,47.4667015075684,13.1833000183105,Imlau,1,Europe/Vienna,1
3795032,at,47.4500007629395,13.2333002090454,Mühlbach,0,Europe/Vienna,1
3794953,at,47.4166984558105,13.3166999816895,Pirnitz,0,Europe/Vienna,1
3794951,at,47.4166984558105,13.3166999816895,Sonnberg,0,Europe/Vienna,1
3794796,at,47.38330078125,13.1167001724243,Grünholzer,3,Europe/Vienna,1
3794772,at,47.36669921875,13.1999998092651,Altach,0,Europe/Vienna,1
3794750,at,47.3499984741211,13.3332996368408,Daar,1,Europe/Vienna,1
3794729,at,47.3499984741211,13.2333002090454,Vordereben,0,Europe/Vienna,1
3794691,at,47.3333015441895,13.3000001907349,Fürbach,0,Europe/Vienna,1
3794689,at,47.3333015441895,13.3000001907349,Goldanger,0,Europe/Vienna,1
3794684,at,47.3333015441895,13.2666997909546,Gersbach,0,Europe/Vienna,1
3794678,at,47.3333015441895,13.25,Hallmoos,2,Europe/Vienna,1
3794675,at,47.3333015441895,13.2333002090454,Straß,0,Europe/Vienna,1
3794664,at,47.3333015441895,13.1999998092651,Grub,1,Europe/Vienna,1
3794649,at,47.3333015441895,13.1167001724243,Großhöch,0,Europe/Vienna,1
3794645,at,47.3333015441895,13.1167001724243,Rain,0,Europe/Vienna,1
3794640,at,47.3333015441895,13.0832996368408,Enkerbichl,0,Europe/Vienna,1
3794638,at,47.3166999816895,13.3166999816895,Hofmarkt,0,Europe/Vienna,1
3794617,at,47.3166999816895,13.1999998092651,Alpendorf,4,Europe/Vienna,1
3794616,at,47.3166999816895,13.1833000183105,Niederuntersberg,0,Europe/Vienna,1
3794615,at,47.3166999816895,13.1667003631592,Wiederriesen,0,Europe/Vienna,1
3794603,at,47.3166999816895,13.0832996368408,Altenhof,0,Europe/Vienna,1
3794562,at,47.2999992370605,13.0832996368408,Maierhof,0,Europe/Vienna,1
3794561,at,47.2999992370605,13.0832996368408,Buchbergdörfl,0,Europe/Vienna,1
3794558,at,47.27811,13.31876,Kleinarl,59,Europe/Vienna,1
3791765,cn,32.5583000183105,116.782997131348,Majiaxu,1,Asia/Shanghai,8
3791761,cn,32.5583000183105,116.567001342773,Jiaoganghunongchang,0,Asia/Shanghai,8
3791760,cn,32.5833015441895,116.983001708984,Sanhe,1,Asia/Shanghai,8
3791744,cn,32.3499984741211,116.300003051758,Qinglongmen,1,Asia/Shanghai,8
3791681,cn,32.625,116.25,Yinghe,0,Asia/Shanghai,8
3791673,cn,32.6500015258789,116.282997131348,Zhanjiagang,0,Asia/Shanghai,8
3791667,cn,32.6582984924316,116.241996765137,Jingzhuang,1,Asia/Shanghai,8
3791601,cn,32.6500015258789,115.599998474121,Chengjiao,0,Asia/Shanghai,8
3791571,cn,32.7000007629395,116.75,Dashanzhen,1,Asia/Shanghai,8
3791177,cn,33.2332992553711,116.550003051758,Zhuangzhou,0,Asia/Shanghai,8
3791115,cn,33.13330078125,116.217002868652,Shuangqiao,0,Asia/Shanghai,8
3791100,cn,33.1749992370605,116.217002868652,Donglaozhai,0,Asia/Shanghai,8
3791010,cn,33.1500015258789,115.650001525879,Balipu,1,Asia/Shanghai,8
3790997,cn,33.1916999816895,115.616996765137,Yuzhuang,0,Asia/Shanghai,8
3790945,cn,33.0332984924316,115.282997131348,Jinzhuang,1,Asia/Shanghai,8
3790910,cn,33.2832984924316,115.416999816895,Xiaosongzhuang,2,Asia/Shanghai,8
3788953,cn,33.5666999816895,115.449996948242,Gaoqiao,0,Asia/Shanghai,8
3788775,cn,34.0167007446289,116.949996948242,Wutong,0,Asia/Shanghai,8
3788745,cn,34.1666984558105,116.949996948242,Mengzhuang,0,Asia/Shanghai,8
3788634,cn,34.4500007629395,116.317001342773,Huanglou,0,Asia/Shanghai,8
3785634,ir,36.3333015441895,59.4160995483398,Now Chāh,0,Asia/Tehran,4
3784215,at,48.78465,15.97455,Mitterretzbach,1,Europe/Vienna,1
3783722,mx,28.11669921875,-115.166999816895,Cedros,0,America/Tijuana,-8
3783714,mx,28.0666999816895,-112.983001708984,Santa Bárbara,0,America/Mazatlan,-7
3783512,mx,30.86669921875,-114.717002868652,Don Pancho,0,America/Tijuana,-8
3783485,mx,30.8500003814697,-116.067001342773,Camalú,0,America/Tijuana,-8
3783476,mx,31.1499996185303,-114.900001525879,La Ponderosa,0,America/Tijuana,-8
3783447,mx,31,-116.233001708984,Héroes de Chapultepec,0,America/Tijuana,-8
3783387,mx,31.4500007629395,-116.550003051758,Campo de Enmedio,0,America/Tijuana,-8
3783381,mx,31.61669921875,-116.432998657227,Uruapán,0,America/Tijuana,-8
3783380,mx,31.5832996368408,-116.666999816895,Coronel Esteban Cantú,0,America/Tijuana,-8
3783356,mx,31.9832992553711,-116.317001342773,Yaqui,0,America/Tijuana,-8
3783351,mx,31.7166996002197,-116.616996765137,Nacionalista,0,America/Tijuana,-8
3783350,mx,31.7166996002197,-116.666999816895,La Joya,0,America/Mexico_City,-6
3783349,mx,31.7332992553711,-116.717002868652,La Bufadora,0,America/Tijuana,-8
3783348,mx,31.75,-116.550003051758,Tres Palmas,0,America/Tijuana,-8
3783347,mx,31.7667007446289,-116.583000183105,San Fernando,0,America/Tijuana,-8
3783346,mx,31.7667007446289,-116.616996765137,Torry,0,America/Tijuana,-8
3783344,mx,31.7999992370605,-116.616996765137,El Naranjo,0,America/Tijuana,-8
3783342,mx,31.86669921875,-116.666999816895,La Playita,0,America/Tijuana,-8
3783341,mx,31.88330078125,-116.682998657227,Villa del Mar,0,America/Tijuana,-8
3783339,mx,31.88330078125,-116.550003051758,Cimsari,0,America/Tijuana,-8
3783337,mx,31.9167003631592,-116.383003234863,El Espantado,0,America/Tijuana,-8
3783334,mx,31.8999996185303,-116.733001708984,San Miguel,0,America/Tijuana,-8
3783333,mx,31.9333000183105,-116.650001525879,San Antonio de las Minas,1,America/Tijuana,-8
3783332,mx,31.9333000183105,-116.717002868652,San Felipe,0,America/Tijuana,-8
3783328,mx,31.9500007629395,-116.650001525879,Villa de Juárez,2,America/Tijuana,-8
3783327,mx,32,-116.650001525879,Las Palmas,2,America/Tijuana,-8
3783326,mx,31.9666996002197,-116.75,Bonito,0,America/Tijuana,-8
3783298,mx,32.0050010681152,-116.68399810791,San Marcos,2,America/Tijuana,-8
3783297,mx,32.0133018493652,-116.672996520996,San Marcos,1,America/Tijuana,-8
3783294,mx,32.0931015014648,-116.572998046875,Francisco Zarco,0,America/Tijuana,-8
3783277,mx,32.1194000244141,-116.88500213623,La Fonda,0,America/Tijuana,-8
3783276,mx,32.1369018554688,-116.888999938965,Plaza Santa María,0,America/Tijuana,-8
3783274,mx,32.1556015014648,-116.897003173828,Campo López,0,America/Tijuana,-8
3783271,mx,32.2200012207031,-116.916999816895,Primo Tapia,0,America/Tijuana,-8
3783268,mx,32.2832984924316,-116.949996948242,Las Gaviotas,0,America/Tijuana,-8
3783267,mx,32.2832984924316,-117.050003051758,Popotla,0,America/Tijuana,-8
3783257,mx,32.4667015075684,-116.067001342773,Bella Vista,0,America/Tijuana,-8
3783245,mx,32.4667015075684,-116.366996765137,Santa Verónica,0,America/Tijuana,-8
3783230,mx,32.4000015258789,-117.050003051758,Plan Libertador,0,America/Tijuana,-8
3783229,mx,32.4000015258789,-117.067001342773,Los Cuatro Hermanos,0,America/Tijuana,-8
3783227,mx,32.38330078125,-117.067001342773,Santa Mónica Sur,0,America/Tijuana,-8
3783224,mx,32.5167007446289,-116.849998474121,Matamoros,0,Europe/Sofia,2
3782984,mx,32.2868995666504,-115.105003356934,Guadalupe Victoria,0,America/Tijuana,-8
3782943,mx,35.61669921875,-114.833000183105,Cinco de Mayo,0,America/Los_Angeles,-8
3781163,kz,49.9467010498047,82.6635971069336,Posëlok Imeni Krasina,0,Asia/Almaty,6
3781150,kz,49.93166,82.57651,Menovnoye,0,Asia/Almaty,6
3781147,kz,49.9763984680176,82.560302734375,Oktyabrʼsk,0,Asia/Almaty,6
3778703,ye,15.9333000183105,43.5332984924316,Al Marārī,0,Asia/Riyadh,3
3778640,ye,17.0499992370605,43.25,Ghāmir,0,Asia/Riyadh,3
3778557,ru,56.854233,36.697404,Pervoye Maya,1,Europe/Moscow,3
3778551,ru,57.2793998718262,33.0013999938965,Sal'nikovshchina,0,Europe/Moscow,3
3778537,ru,57.253101348877,33.1236000061035,Tverdyakino,0,Europe/Moscow,3
3778531,ru,57.2393989562988,33.1542015075684,Glubochitsa,0,Europe/Moscow,3
3778528,ru,57.2378005981445,33.0717010498047,Svetlitsa,0,Europe/Moscow,3
3778525,ru,57.2310981750488,33.0800018310547,Lyapino,0,Europe/Moscow,3
3778523,ru,57.2289009094238,33.0746994018555,Peski,0,Europe/Moscow,3
3778514,ru,57.20241,33.00469,Zarech'ye,0,Europe/Moscow,3
3778508,ru,57.1857986450195,33.1666984558105,Pogoreloye,0,Europe/Moscow,3
3778490,ru,57.1343994140625,33.0355987548828,Zhulevo,0,Europe/Moscow,3
3778481,ru,57.1128005981445,33.1949996948242,Gorbovka,0,Europe/Moscow,3
3778478,ru,57.1088981628418,33.2167015075684,Kalishche,0,Europe/Moscow,3
3778472,ru,57.0974998474121,33.2644004821777,Rogozha,0,Europe/Moscow,3
3778464,ru,57.0833015441895,33.2752990722656,Ostsy,0,Europe/Moscow,3
3778461,ru,57.0786018371582,33.1194000244141,Petrikovo,0,Europe/Moscow,3
3778458,ru,57.0625,33.2938995361328,Panyuki,0,Europe/Moscow,3
3778440,ru,56.989200592041,33.3157997131348,Urevy,0,Europe/Moscow,3
3778423,ru,56.9300003051758,33.187198638916,Koshelevo,0,Europe/Moscow,3
3778392,ru,56.8408012390137,33.5592002868652,Manukhino,0,Europe/Moscow,3
3777837,ru,57.878,35.0042,Udomlya,0,Europe/Moscow,3
3777832,ru,57.874698638916,34.010799407959,Zamost'ye,0,Europe/Moscow,3
3777821,ru,57.8605995178223,34.253101348877,Dudino,0,Europe/Moscow,3
3777755,ru,57.7710990905762,34.9117012023926,Ivanovskoye,0,Europe/Moscow,3
3777734,ru,57.7463989257812,34.2458000183105,Bel'skiy,0,Europe/Moscow,3
3777714,ru,57.7214012145996,34.4589004516602,Valentinovka,0,Europe/Moscow,3
3777703,ru,57.7125015258789,34.8316993713379,Prokhorovo,0,Europe/Moscow,3
3777698,ru,57.7071990966797,34.2467002868652,Zaluch'ye,0,Europe/Moscow,3
3777537,ru,57.3577995300293,34.4300003051758,Bukholovo,0,Europe/Moscow,3
3777536,ru,57.3567008972168,34.3692016601562,Zaborov'ye,0,Europe/Moscow,3
3777024,ru,57.9383010864258,33.2467002868652,Korotsko,0,Europe/Moscow,3
3777015,ru,57.9394,33.24633,Korotsko,0,Europe/Moscow,3
3777013,ru,57.9253005981445,33.5511016845703,Ryadchino,0,Europe/Moscow,3
3776939,ru,57.728099822998,33.0066986083984,Nikol'skoye,0,Europe/Moscow,3
3776935,ru,57.7230987548828,33.0638999938965,Simanikha,1,Europe/Moscow,3
3776934,ru,57.7181015014648,33.0153007507324,Paberezh'ye,0,Europe/Moscow,3
3776908,ru,57.6394004821777,33.7106018066406,Uzmen',0,Europe/Moscow,3
3776868,ru,57.4841995239258,33.005298614502,Pererva,0,Europe/Moscow,3
3776864,ru,57.4719009399414,33.0231018066406,Vysokaya Gora,1,Europe/Moscow,3
3776857,ru,57.4533004760742,33.0619010925293,Ostrov,0,Europe/Moscow,3
3776848,ru,57.435001373291,33.9002990722656,Kommuna,0,Europe/Moscow,3
3776838,ru,57.4199981689453,33.0705986022949,Orlovo,0,Europe/Moscow,3
3771318,kz,49.7860984802246,73.1110992431641,Fëdorovka,0,Asia/Almaty,6
3767618,ir,38.9500007629395,44.6666984558105,Varnā Kand,0,Asia/Tehran,4
3765697,ir,35.8166999816895,50.9832992553711,Ḩājjīābād,0,Asia/Tehran,4
3764703,ir,48.6528015136719,48.6453018188477,Maḩāreb,0,Europe/Paris,1
3764037,at,46.9667015075684,15.7333002090454,Harrachberg,0,Europe/Vienna,1
3763994,at,46.9500007629395,15.7166996002197,Rohrbach,0,Europe/Vienna,1
3763875,at,46.9000015258789,15.7166996002197,Hinterberg,0,Europe/Vienna,1
3763824,at,46.88330078125,15.6667003631592,Greit,0,Europe/Vienna,1
3763650,at,46.7832984924316,15.8166999816895,Hofstättenberg,0,Europe/Vienna,1
3760402,at,47,16.0167007446289,Ederberg,0,Europe/Vienna,1
3760390,at,46.9832992553711,16.0832996368408,Hiebüchl,0,Europe/Vienna,1
3760369,at,46.9832992553711,15.9833002090454,Stang bei Hatzendorf,0,Europe/Vienna,1
3760296,at,46.9500007629395,16.0499992370605,Lichtenwaldberg,0,Europe/Vienna,1
3760168,at,46.88330078125,16.0499992370605,Theresienberg,0,Europe/Vienna,1
3760157,at,46.88330078125,16,Graben,0,Europe/Vienna,1
3760141,at,46.88330078125,15.9167003631592,Albrechtshöhe,1,Europe/Vienna,1
3760140,at,46.88330078125,15.8999996185303,Bernreith,0,Europe/Vienna,1
3760137,at,46.88330078125,15.8832998275757,Meißl,0,Europe/Vienna,1
3760120,at,46.86905,16.02927,Neuhaus am Klausenbach,2,Europe/Vienna,1
3760031,at,46.8333015441895,15.9833002090454,Sichauf,0,Europe/Vienna,1
3760024,at,46.8333015441895,15.9499998092651,Damberg,0,Europe/Vienna,1
3759898,at,46.7667007446289,15.9499998092651,Klöchberg,1,Europe/Vienna,1
3758195,at,47.4333000183105,13.6000003814697,Hierzegg,0,Europe/Vienna,1
3758188,at,47.4166984558105,13.8000001907349,Höhenfeld,0,Europe/Vienna,1
3758147,at,47.4000015258789,13.7833003997803,Gumpenberg,1,Europe/Vienna,1
3758140,at,47.4000015258789,13.75,Oberhausberg,1,Europe/Vienna,1
3758117,at,47.4000015258789,13.6332998275757,Vorberg,0,Europe/Vienna,1
3758089,at,47.38330078125,13.6833000183105,Maistatt,0,Europe/Vienna,1
3757935,at,47.3333015441895,13.6833000183105,Postlehen,0,Europe/Vienna,1
3754358,jm,18.3332996368408,-77.13330078125,Orange Park,0,America/Jamaica,-5
3754330,jm,17.86669921875,-76.5667037963867,Yallahs,0,America/Jamaica,-5
3754318,jm,18.1499996185303,-77.9000015258789,Woodstock,0,America/Jamaica,-5
3754305,jm,17.9666996002197,-76.9832992553711,Windsor Park,0,America/Jamaica,-5
3754301,jm,18.4167003631592,-77.1999969482422,Windsor Heights,0,America/Jamaica,-5
3754300,jm,18.1000003814697,-76.3332977294922,Windsor Forest,0,America/Jamaica,-5
3754298,jm,18.2667007446289,-76.6999969482422,Windsor Castle,0,America/Jamaica,-5
3754295,jm,18.36669921875,-77.61669921875,Windsor,1,America/Jamaica,-5
3754288,jm,18.4167003631592,-77.9499969482422,Wiltshire,0,America/Jamaica,-5
3754278,jm,18.4333000183105,-77.38330078125,Williamsfield,0,America/Jamaica,-5
3754273,jm,18.0666999816895,-77.4666976928711,Williamsfield,0,America/Jamaica,-5
3754237,jm,18.08661,-77.96339,Whitehouse,3,America/Jamaica,-5
3754236,jm,17.86669921875,-76.4832992553711,White Horses Village,0,America/Jamaica,-5
3754233,jm,18.1499996185303,-77.8000030517578,White Hill,1,America/Jamaica,-5
3754230,jm,18.2667007446289,-78.3332977294922,Whitehall,0,America/Jamaica,-5
3754228,jm,18.1000003814697,-77.8499984741211,White Hall,0,America/Jamaica,-5
3754209,jm,18.2667007446289,-78.36669921875,Westlands,0,America/Jamaica,-5
3754165,jm,17.9666996002197,-77.25,Wallen,0,America/Jamaica,-5
3754158,jm,18.2166996002197,-78.11669921875,Wakefield,0,America/Jamaica,-5
3754144,jm,18.4666996002197,-77.5333023071289,Village of Kettering,0,America/Jamaica,-5
3754124,jm,18.4333000183105,-77.9832992553711,Unity Hall,0,America/Jamaica,-5
3754102,jm,18.0499992370605,-76.63330078125,Tweedside,0,America/Jamaica,-5
3754096,jm,18.0499992370605,-76.8167037963867,Tunbridge,0,America/Jamaica,-5
3754090,jm,18.4500007629395,-78.0667037963867,Tryall,0,America/Jamaica,-5
3754087,jm,18.2999992370605,-78.1500015258789,Truro Pen,0,America/Jamaica,-5
3754077,jm,18.4500007629395,-77.3167037963867,Tripoli,0,America/Jamaica,-5
3754069,jm,17.885836,-77.764595,Treasure Beach,10,America/Jamaica,-5
3754067,jm,17.9832992553711,-77.2667007446289,Treadlight,0,America/Jamaica,-5
3754065,jm,18.4333000183105,-77.9666976928711,Trafalgar,0,America/Jamaica,-5
3754064,jm,18.3500003814697,-77.1667022705078,Trafalgar,0,America/Jamaica,-5
3754052,jm,18.2332992553711,-78.11669921875,Torrington,0,America/Jamaica,-5
3754004,jm,18.4832992553711,-77.63330078125,The Rock,2,America/Jamaica,-5
3753999,jm,18.0333003997803,-76.7332992553711,The Cooperage,0,America/Jamaica,-5
3753970,jm,17.9832992553711,-76.9832992553711,Sydenham Pen,0,America/Jamaica,-5
3753953,jm,18.4167003631592,-77.2166976928711,Sussex,0,America/Jamaica,-5
3753936,jm,18.36669921875,-78.0500030517578,Success,0,America/Jamaica,-5
3753929,jm,18.2667007446289,-77.9666976928711,Struie,0,America/Jamaica,-5
3753913,jm,18.0832996368408,-76.8000030517578,Stony Hill,0,America/Jamaica,-5
3753901,jm,18.1833000183105,-77.0500030517578,Stirling Castle,0,America/Jamaica,-5
3753887,jm,18.2833003997803,-77.2833023071289,Stepney,1,America/Jamaica,-5
3753886,jm,18.4167003631592,-77.1667022705078,Steer Town,0,America/Jamaica,-5
3753879,jm,18.3999996185303,-77.0832977294922,Stanmore Grove,0,America/Jamaica,-5
3753865,jm,18.4666996002197,-77.5832977294922,Spring Rises,2,America/Jamaica,-5
3753856,jm,18.2999992370605,-77.5667037963867,Spring Garden,0,America/Jamaica,-5
3753854,jm,17.9832992553711,-77.0667037963867,Spring Garden,0,America/Jamaica,-5
3753839,jm,18.5,-77.7833023071289,Spot Valley,0,America/Jamaica,-5
3753830,jm,18.0832996368408,-76.6832962036133,Spa Spring,1,America/Jamaica,-5
3753828,jm,17.99341,-76.95099,Spanish Town,5,America/Jamaica,-5
3753814,jm,17.88330078125,-77.6667022705078,Southfield,0,America/Jamaica,-5
3753805,jm,18.1667003631592,-76.4332962036133,Sommers Town,0,America/Jamaica,-5
3753773,jm,18.0499992370605,-76.8499984741211,Stanmer,0,America/Jamaica,-5
3753767,jm,18.0167007446289,-76.8499984741211,Six Miles,0,America/Jamaica,-5
3753757,jm,18.4832992553711,-77.5333023071289,Silver Sands,2,America/Jamaica,-5
3753754,jm,18.13330078125,-76.7166976928711,Silver Hill,0,America/Jamaica,-5
3753753,jm,18.1667003631592,-77.7166976928711,Village of Shiloah,0,America/Jamaica,-5
3753729,jm,18.3500003814697,-77.9499969482422,Shettlewood,0,America/Jamaica,-5
3753728,jm,18.1499996185303,-76.38330078125,Sherwood Forest,0,America/Jamaica,-5
3753721,jm,18.3166999816895,-76.8000030517578,Sheerness,0,America/Jamaica,-5
3753694,jm,18.4832992553711,-77.6999969482422,Seafield,0,America/Jamaica,-5
3753688,jm,18.4666996002197,-77.3167037963867,Scarlett Hall,0,America/Jamaica,-5
3753680,jm,18.2166996002197,-78.13330078125,Savanna-la-Mar,1,America/Jamaica,-5
3753673,jm,18.05304,-77.69964,Santa Cruz,1,America/Jamaica,-5
3753658,jm,18.4500007629395,-78.0832977294922,Sandy Bay,1,America/Jamaica,-5
3753657,jm,17.9333000183105,-77.1667022705078,Sandy Bay,0,America/Jamaica,-5
3753622,jm,18.3999996185303,-76.9832992553711,Salt Gut,0,America/Jamaica,-5
3753610,jm,18.46801,-77.30372,Salem,0,America/Jamaica,-5
3753601,jm,17.9167003631592,-78.6667022705078,Saint Maryʼs,0,America/Havana,-5
3753597,jm,18.25,-77.9000015258789,Saint Leonards,0,America/Jamaica,-5
3753583,jm,18.0832996368408,-76.8332977294922,Saint Christopher,0,America/Jamaica,-5
3753580,jm,18.4333000183105,-77.1999969482422,Saint Annʼs Bay,1,America/Havana,-5
3753570,jm,18.1000003814697,-76.3167037963867,Rural Vale,0,America/Jamaica,-5
3753567,jm,18.46273,-77.32888,Runaway Bay,15,America/Jamaica,-5
3753555,jm,18.4500007629395,-78.0167007446289,Round Hill,0,America/Jamaica,-5
3753545,jm,18.4666996002197,-77.88330078125,Rosemount,0,America/Jamaica,-5
3753537,jm,18.4333000183105,-77.2667007446289,Rose Hall,0,America/Jamaica,-5
3753536,jm,18.5030994415283,-77.7886962890625,Rose Hill,0,America/Havana,-5
3753533,jm,18.3999996185303,-77.0500030517578,Roscommon,0,America/Jamaica,-5
3753504,jm,18.13330078125,-78,Robins River,0,America/Jamaica,-5
3753499,jm,18.2999992370605,-76.8000030517578,Robins Bay,2,America/Havana,-5
3753471,jm,18.46877,-77.45688,Rio Bueno,0,America/Jamaica,-5
3753461,jm,18.4500007629395,-77.25,Richmond,4,America/Jamaica,-5
3753447,jm,18.2166996002197,-78.2833023071289,Revival,0,America/Jamaica,-5
3753441,jm,18.38330078125,-77.0167007446289,Retreat,0,America/Jamaica,-5
3753434,jm,18.4333000183105,-77.88330078125,Retirement,0,America/Jamaica,-5
3753432,jm,18.2999992370605,-77.13330078125,Retirement,0,America/Jamaica,-5
3753413,jm,18.4666996002197,-77.5667037963867,Refuge,0,America/Jamaica,-5
3753403,jm,17.9832992553711,-77.11669921875,Red Ground,0,America/Jamaica,-5
3753347,jm,18.4167003631592,-77.9499969482422,Providence,0,America/Jamaica,-5
3753343,jm,18.0499992370605,-76.2833023071289,Providence,0,America/Jamaica,-5
3753335,jm,18.3999996185303,-77.0500030517578,Prospect,0,America/Jamaica,-5
3753327,jm,18.44572,-77.22321,Priory,2,America/Jamaica,-5
3753312,jm,17.9333000183105,-76.8499984741211,Port Royal,0,America/Jamaica,-5
3753311,jm,17.9666996002197,-76.86669921875,Portmore,9,America/Jamaica,-5
3753310,jm,17.8999996185303,-76.3167037963867,Port Morant,0,America/Jamaica,-5
3753307,jm,18.37129,-76.89273,Port Maria,0,America/Jamaica,-5
3753299,jm,17.7667007446289,-77.2332992553711,Portland Village,0,America/Jamaica,-5
3753287,jm,18.1770133436848,-76.4504896403014,Port Antonio,43,America/Jamaica,-5
3753284,jm,17.9666996002197,-77.8167037963867,Pond Side,0,America/Jamaica,-5
3753278,jm,18.4500007629395,-78.1500015258789,Point,0,America/Jamaica,-5
3753272,jm,18.1667003631592,-76.6832962036133,Pleasing Prospect,0,America/Jamaica,-5
3753267,jm,18.0666999816895,-76.2833023071289,Pleasant Hill,0,America/Jamaica,-5
3753238,jm,18.2166996002197,-78.13330078125,Phoenix Park,0,America/Jamaica,-5
3753237,jm,18.4167003631592,-77.7332992553711,Phoenix Village,0,America/Jamaica,-5
3753236,jm,18.36669921875,-78.2833023071289,Phoenix,0,America/Jamaica,-5
3753218,jm,18.3500003814697,-78.0999984741211,Pennycooke,0,America/Jamaica,-5
3753213,jm,18.0333003997803,-76.8167037963867,Pembroke Hall,0,America/Jamaica,-5
3753205,jm,17.86669921875,-77.7332992553711,Pedro Pen,0,America/Jamaica,-5
3753199,jm,18.4500007629395,-78.2166976928711,Pedro Pen,0,America/Jamaica,-5
3753192,jm,18.25,-76.9332962036133,Pear Tree Grove,0,America/Jamaica,-5
3753179,jm,17.9832992553711,-76.86669921875,Passage Fort,0,America/Jamaica,-5
3753112,jm,18.2332992553711,-78.3167037963867,Orange Hill,0,America/Jamaica,-5
3753103,jm,18.4500007629395,-78.1999969482422,Orange Cove,0,America/Jamaica,-5
3753099,jm,18.36669921875,-78.3167037963867,Orange Bay,2,America/Jamaica,-5
3753095,jm,18.4500007629395,-77.86669921875,Orange,0,America/Jamaica,-5
3753092,jm,18.3999996185303,-76.9499969482422,Oracabessa,3,America/Havana,-5
3753085,jm,18.0167007446289,-76.8332977294922,Olympic Gardens,0,America/Jamaica,-5
3753065,jm,17.93779,-77.10735,Old Harbour,0,America/Jamaica,-5
3753053,jm,18.4070515721289,-77.1057041175663,Ocho Rios,133,America/Jamaica,-5
3753028,jm,17.9666996002197,-76.75,Norman Gardens,0,America/Jamaica,-5
3753026,jm,18.2833003997803,-76.9000015258789,Nonsuch,0,America/Jamaica,-5
3753020,jm,18,-76.7667007446289,Nigger Corner,0,America/Jamaica,-5
3753013,jm,17.9500007629395,-76.6832962036133,Newstead,0,America/Jamaica,-5
3753005,jm,18.36669921875,-76.9832992553711,Ramble,0,America/Jamaica,-5
3752997,jm,18.1667003631592,-77.9167022705078,Newmarket,0,America/Jamaica,-5
3752996,jm,17.9666996002197,-76.88330078125,Newlands,0,America/Jamaica,-5
3752995,jm,18,-76.7833023071289,New Kingston,0,America/Jamaica,-5
3752990,jm,18.13330078125,-76.9666976928711,New Hall,0,America/Jamaica,-5
3752980,jm,18.0666999816895,-76.7166976928711,Newcastle,2,America/Jamaica,-5
3752965,jm,18.25,-78.2833023071289,Negril Spots,0,America/Jamaica,-5
3752961,jm,18.27868,-78.34752,Negril,75,America/Jamaica,-5
3752937,jm,18.5,-77.8167037963867,Mount Zion,0,America/Jamaica,-5
3752920,jm,18.2999992370605,-76.8167037963867,Mount Pleasant,0,America/Jamaica,-5
3752907,jm,17.86669921875,-76.5667037963867,Mount Olive,0,America/Jamaica,-5
3752899,jm,18.11669921875,-76.7833023071289,Mount James,0,America/Jamaica,-5
3752887,jm,18.4167003631592,-77.4332962036133,Mount Carmel,0,America/Jamaica,-5
3752882,jm,18.25,-78.3332977294922,Mount Airy,0,America/Jamaica,-5
3752852,jm,17.88330078125,-76.4167022705078,Morant Bay,0,America/Jamaica,-5
3752832,jm,18.47211,-77.92177,Montego Bay,93,America/Jamaica,-5
3752828,jm,18.2667007446289,-77.11669921875,Moneague,0,America/Jamaica,-5
3752804,jm,18.3999996185303,-77.0999984741211,Milford,0,America/Jamaica,-5
3752800,jm,18.13330078125,-77.5500030517578,Mile Gully,0,America/Jamaica,-5
3752782,jm,18.4666996002197,-77.6667022705078,Merrywood,0,America/Jamaica,-5
3752778,jm,17.9167003631592,-77.0999984741211,Mendes,0,America/Jamaica,-5
3752773,jm,18.1667003631592,-78.0333023071289,Mearnsville,1,America/Jamaica,-5
3752769,jm,17.9666996002197,-77.2332992553711,May Pen,0,America/Jamaica,-5
3752761,jm,18.02951,-76.65835,Mavis Bank,2,America/Jamaica,-5
3752760,jm,18.0499992370605,-76.8167037963867,Maverty,1,America/Jamaica,-5
3752731,jm,18.3166999816895,-76.9666976928711,Marley,0,America/Jamaica,-5
3752729,jm,18,-77.5667037963867,Marlborough,0,America/Jamaica,-5
3752723,jm,18.3332996368408,-78.2667007446289,March Town,1,America/Jamaica,-5
3752715,jm,18.04313,-77.50741,Mandeville,4,America/Jamaica,-5
3752710,jm,18.0333003997803,-76.2833023071289,Manchioneal,1,America/Jamaica,-5
3752709,jm,17.88330078125,-77.75,Manchioneal,0,America/Jamaica,-5
3752697,jm,18.4167003631592,-77.1667022705078,Mammee Bay,7,America/Jamaica,-5
3752650,jm,17.86845,-76.34263,Lyssons,0,America/Jamaica,-5
3752646,jm,18.36669921875,-77.2332992553711,Lumsdale,0,America/Jamaica,-5
3752635,jm,18.44233,-78.17268,Lucea,4,America/Jamaica,-5
3752622,jm,17.86669921875,-77.6500015258789,Lovers Leap,0,America/Havana,-5
3752616,jm,18.38330078125,-76.9000015258789,Look Out,0,America/Jamaica,-5
3752599,jm,18.10671,-76.31921,Long Bay Village,0,America/Jamaica,-5
3752584,jm,18.38330078125,-77.0500030517578,Lodge,0,America/Jamaica,-5
3752551,jm,18.25,-78.2166976928711,Little London,0,America/Jamaica,-5
3752542,jm,18.2166996002197,-78.2667007446289,Little Bay,2,America/Jamaica,-5
3752532,jm,18.13330078125,-77.0333023071289,Linstead,0,America/Jamaica,-5
3752511,jm,18.0167007446289,-76.7667007446289,Liguanea,0,America/Jamaica,-5
3752506,jm,18.4167003631592,-76.9499969482422,Liberty Castle,0,America/Jamaica,-5
3752502,jm,18.4333000183105,-77.2332992553711,Lewis,0,America/Jamaica,-5
3752500,jm,18.3999996185303,-77.9666976928711,Lethe,0,America/Jamaica,-5
3752497,jm,18.2166996002197,-76.5999984741211,Lenox,0,America/Jamaica,-5
3752496,jm,17.9333000183105,-77.11669921875,Lennansville,0,America/Jamaica,-5
3752493,jm,17.86669921875,-76.3332977294922,Leith Hall,0,America/Jamaica,-5
3752461,jm,18.11669921875,-77.3000030517578,Kupuis,0,America/Jamaica,-5
3752455,jm,18.11669921875,-76.9832992553711,Knollis,1,America/Jamaica,-5
3752454,jm,18,-77.5167007446289,Knockpatrick,0,America/Jamaica,-5
3752447,jm,18.0499992370605,-76.8332977294922,Kirklands,0,America/Jamaica,-5
3752445,jm,18.2332992553711,-78.13330078125,Kingswood,0,America/Jamaica,-5
3752438,jm,17.97122,-76.79281,Kingston,103,America/Jamaica,-5
3752437,jm,18.0832996368408,-77.9666976928711,Kings Pen,0,America/Jamaica,-5
3752427,jm,18.43904,-78.15311,Kew,0,America/Jamaica,-5
3752389,jm,18.2667007446289,-78.3167037963867,Jones Pen,0,America/Jamaica,-5
3752385,jm,17.88330078125,-76.3499984741211,Johns Town,0,America/Jamaica,-5
3752384,jm,18.3999996185303,-77.25,Johnston Village,0,America/Jamaica,-5
3752376,jm,18.4167003631592,-77.86669921875,Johns Hall,0,America/Jamaica,-5
3752361,jm,18.3332996368408,-77.8499984741211,Jericho,0,America/Jamaica,-5
3752342,jm,18.0499992370605,-76.75,Jacks Hill,0,America/Jamaica,-5
3752326,jm,18.4500007629395,-77.88330078125,Irwin,0,America/Jamaica,-5
3752325,jm,18.5167007446289,-77.86669921875,Ironshore,0,America/Jamaica,-5
3752322,jm,18.0499992370605,-76.7166976928711,Irish Town,1,America/Havana,-5
3752317,jm,18.2769518,-77.3650866,Inverness,0,Europe/London,0
3752307,jm,18.38330078125,-77.25,Industry,0,America/Jamaica,-5
3752297,jm,18.2667007446289,-77.2166976928711,Hutchensons Turret,0,America/Jamaica,-5
3752278,jm,18.45684,-78.01191,Hopewell,0,America/Jamaica,-5
3752277,jm,18.4500007629395,-77.4000015258789,Hopewell,0,America/Jamaica,-5
3752264,jm,18.0167007446289,-76.75,Hope Pastures,0,America/Jamaica,-5
3752261,jm,18.2000007629395,-76.5667037963867,Hope Bay,0,America/Jamaica,-5
3752256,jm,18.0333003997803,-76.75,Hopehouse,0,America/Jamaica,-5
3752200,jm,18.4500007629395,-77.4000015258789,Helicon,0,America/Jamaica,-5
3752192,jm,17.88330078125,-76.5832977294922,Hearts Ease,0,America/Jamaica,-5
3752189,jm,18.2000007629395,-76.5333023071289,Hayfield,0,America/Jamaica,-5
3752186,jm,17.86669921875,-77.2332992553711,Hayes,0,America/Jamaica,-5
3752178,jm,18.0333003997803,-77.5333023071289,Hatfield,0,America/Jamaica,-5
3752156,jm,17.9500007629395,-76.7166976928711,Harbour View,2,America/Jamaica,-5
3752149,jm,18,-76.2667007446289,Happy Grove,0,America/Jamaica,-5
3752146,jm,17.9666996002197,-77.5500030517578,Hanover,0,America/Jamaica,-5
3752145,jm,18.0666999816895,-77.4832992553711,Hanbury,0,America/Jamaica,-5
3752131,jm,18.0499992370605,-76.6667022705078,Halls Delight,0,America/Jamaica,-5
3752127,jm,18,-76.8000030517578,Half Way Tree,0,America/Jamaica,-5
3752103,jm,18.4167003631592,-77.8000030517578,Guilsbro,0,America/Jamaica,-5
3752087,jm,17.9832992553711,-76.88330078125,Gregory Park,0,America/Jamaica,-5
3752062,jm,18.38871,-78.26986,Green Island,0,America/Jamaica,-5
3752052,jm,17.9500007629395,-76.88330078125,Greencastle,0,America/Jamaica,-5
3752019,jm,18.30859,-78.18479,Gran Hill,0,America/Jamaica,-5
3752007,jm,17.9500007629395,-76.9332962036133,Government Pen,0,America/Jamaica,-5
3752002,jm,17.9500007629395,-76.9167022705078,Goshen Pen,1,America/Jamaica,-5
3751999,jm,18.0333003997803,-76.7166976928711,Gordon Town,0,America/Jamaica,-5
3751991,jm,18.25,-78.3499984741211,Good Hope,0,America/Jamaica,-5
3751990,jm,18.2000007629395,-78.0333023071289,Good Hope,1,America/Jamaica,-5
3751981,jm,18.1000003814697,-76.8000030517578,Golden Spring,0,America/Jamaica,-5
3751977,jm,18.3166999816895,-77.1500015258789,Lydford,0,America/Jamaica,-5
3751962,jm,18.1499996185303,-76.88330078125,Glengoffe,0,America/Jamaica,-5
3751959,jm,18.0333003997803,-76.8167037963867,Glebe Farm,0,America/Jamaica,-5
3751956,jm,17.9500007629395,-76.4332962036133,Glasgow,0,America/Jamaica,-5
3751948,jm,18.0499992370605,-77.6500015258789,Gilnock Hall,0,America/Jamaica,-5
3751918,jm,18.0832996368408,-77.5999984741211,Galway,0,America/Jamaica,-5
3751908,jm,17.9832992553711,-77.7833023071289,Park,0,America/Jamaica,-5
3751902,jm,18.2999992370605,-78.1500015258789,Frome,0,America/Jamaica,-5
3751877,jm,17.9500007629395,-76.9666976928711,French Pen,0,America/Jamaica,-5
3751849,jm,18.0167007446289,-76.8167037963867,Four Roads,0,America/Jamaica,-5
3751833,jm,18.0832996368408,-76.8000030517578,Fort George,0,America/Jamaica,-5
3751832,jm,17.9167003631592,-77.8000030517578,Fort Charles,0,America/Jamaica,-5
3751812,jm,18.4832992553711,-77.61669921875,Florida,0,America/Jamaica,-5
3751811,jm,18.4666996002197,-77.63330078125,Florence Hall,1,America/Jamaica,-5
3751808,jm,18.4500007629395,-78.0500030517578,Flint River House,0,America/Jamaica,-5
3751805,jm,18.0167007446289,-76.2833023071289,Flat Grass,0,America/Jamaica,-5
3751796,jm,18.3332996368408,-78.3000030517578,Fish River,0,America/Jamaica,-5
3751775,jm,17.9500007629395,-77.75,Far Enough,0,America/Jamaica,-5
3751772,jm,18.49427,-77.65961,Falmouth,10,America/Havana,-5
3751765,jm,18.16502,-76.37778,Fairy Hill,0,America/Jamaica,-5
3751764,jm,18.1000003814697,-76.3332977294922,Fair Prospect,0,America/Jamaica,-5
3751762,jm,18.4500007629395,-77.9167022705078,Fairfield,0,America/Jamaica,-5
3751753,jm,18.1833000183105,-77.0832977294922,Ewarton,0,America/Jamaica,-5
3751736,jm,18.0333003997803,-76.61669921875,Epping Farm,1,America/Jamaica,-5
3751735,jm,17.9832992553711,-77.0333023071289,Envy Valley,0,America/Jamaica,-5
3751734,jm,18.0167007446289,-76.9666976928711,Ensom Pen,0,America/Jamaica,-5
3751729,jm,18.0333003997803,-76.7166976928711,Enfield,0,America/Jamaica,-5
3751717,jm,18.38330078125,-77.0667037963867,Eltham,0,America/Jamaica,-5
3751715,jm,18.0333003997803,-76.9167022705078,Ellis Caymanas,3,America/Jamaica,-5
3751710,jm,18.4333000183105,-78.1500015258789,Elgin Town,0,America/Jamaica,-5
3751707,jm,17.93227,-76.64256,Eleven Miles,0,America/Jamaica,-5
3751694,jm,18.3999996185303,-77.11669921875,Eden Bowers,0,America/Jamaica,-5
3751693,jm,18.3999996185303,-77.9666976928711,Eden,0,America/Jamaica,-5
3751690,jm,18.0333003997803,-77.0333023071289,Edbury,0,America/Jamaica,-5
3751663,jm,18.11669921875,-77.5167007446289,Dunkeld,0,America/Jamaica,-5
3751659,jm,18.47935,-77.53308,Duncans,2,America/Jamaica,-5
3751629,jm,18.3332996368408,-76.9832992553711,Dressikie,0,America/Jamaica,-5
3751627,jm,18.17577,-76.40987,Drapers,0,America/Jamaica,-5
3751619,jm,18.0167007446289,-77.0167007446289,Dove Cot Park,0,America/Jamaica,-5
3751576,jm,18.46085,-77.39772,Discovery Bay,3,America/Jamaica,-5
3751557,jm,18.4666996002197,-77.4000015258789,Defiance,0,America/Jamaica,-5
3751534,jm,18.2332992553711,-77.9666976928711,Darliston,0,America/Jamaica,-5
3751523,jm,18.0499992370605,-77.9332962036133,Dollingtabor,0,America/Jamaica,-5
3751514,jm,17.9500007629395,-77.2332992553711,Curatoe Hill,0,America/Jamaica,-5
3751510,jm,18.1000003814697,-77.9832992553711,Culloden,0,America/Jamaica,-5
3751508,jm,18.1833000183105,-76.5167007446289,Cuffie Head,0,America/Jamaica,-5
3751501,jm,17.9832992553711,-76.7833023071289,Cross Roads,0,America/Jamaica,-5
3751500,jm,17.9500007629395,-77.1999969482422,Cross Pen,0,America/Jamaica,-5
3751474,jm,18.0499992370605,-76.7166976928711,Craigton,0,America/Jamaica,-5
3751457,jm,18.4167003631592,-78.2332992553711,Cousins Cove,0,America/Jamaica,-5
3751442,jm,18.0666999816895,-76.4167022705078,Cornwall Barracks,0,America/Jamaica,-5
3751426,jm,18.3999996185303,-77.0167007446289,Content,0,America/Jamaica,-5
3751425,jm,18.3999996185303,-76.9499969482422,Content,0,America/Jamaica,-5
3751422,jm,18.36669921875,-77.0999984741211,Content,0,America/Jamaica,-5
3751419,jm,18.1499996185303,-77.9666976928711,Content,0,America/Jamaica,-5
3751413,jm,18,-76.7166976928711,Constitution Hill,0,America/Jamaica,-5
3751412,jm,18.0499992370605,-76.8000030517578,Constant Spring,0,America/Jamaica,-5
3751402,jm,17.9500007629395,-77.3332977294922,Comfort Village,0,America/Jamaica,-5
3751355,jm,18.4666996002197,-77.6500015258789,Clifton,0,America/Jamaica,-5
3751354,jm,18.38330078125,-77.0667037963867,Clifton Falls,0,America/Jamaica,-5
3751351,jm,17.8999996185303,-76.3167037963867,Clifton Hill,0,America/Jamaica,-5
3751347,jm,18.3999996185303,-77.2166976928711,Clarks Town,0,America/Jamaica,-5
3751346,jm,18.0499992370605,-77.5167007446289,Clarks Town,0,America/Jamaica,-5
3751337,jm,18.3166999816895,-77.1832962036133,Claremont,0,America/Jamaica,-5
3751335,jm,17.9333000183105,-76.6832962036133,Claremont,0,America/Jamaica,-5
3751332,jm,18.5167007446289,-77.8167037963867,Cinnamon Hill,0,America/Jamaica,-5
3751325,jm,18.1667003631592,-77.4832992553711,Christiana,0,America/Jamaica,-5
3751324,jm,18.25,-76.8167037963867,Chovey House,0,America/Jamaica,-5
3751312,jm,18.0499992370605,-76.7833023071289,Cherry Garden,0,America/Jamaica,-5
3751310,jm,18.3999996185303,-77.0333023071289,Cherryfield,1,America/Jamaica,-5
3751304,jm,17.9666996002197,-77,Chedwin Park,0,America/Jamaica,-5
3751303,jm,17.9333000183105,-77.5999984741211,Cheapside,0,America/Jamaica,-5
3751296,jm,17.9666996002197,-77.2166976928711,Chateau,0,America/Jamaica,-5
3751293,jm,18.1667003631592,-77.0999984741211,Charlton,0,America/Jamaica,-5
3751292,jm,18.0333003997803,-76.8000030517578,Charlton,0,America/Jamaica,-5
3751291,jm,18.25,-76.88330078125,Charlottenburgh,0,America/Jamaica,-5
3751280,jm,18.3999996185303,-77.1500015258789,Chalky Hill,0,America/Jamaica,-5
3751279,jm,17.9832992553711,-76.9167022705078,Central Village,0,America/Jamaica,-5
3751270,jm,17.9832992553711,-76.5832977294922,Cedar Valley,0,America/Jamaica,-5
3751264,jm,18.0167007446289,-76.9000015258789,Caymanas,2,America/Jamaica,-5
3751260,jm,18.4666996002197,-77.38330078125,Cave Hill,1,America/Jamaica,-5
3751257,jm,18.2999992370605,-78.2833023071289,Cave,0,America/Jamaica,-5
3751246,jm,18.0832996368408,-76.7166976928711,Castle Dawson,0,America/Jamaica,-5
3751244,jm,18.0167007446289,-76.8000030517578,Cassia Park,0,America/Jamaica,-5
3751221,jm,17.9832992553711,-76.9666976928711,Carletts,0,America/Jamaica,-5
3751217,jm,18.4666996002197,-77.5500030517578,Carey Park,0,America/Jamaica,-5
3751215,jm,18.4500007629395,-77.3167037963867,Cardiff Hall,2,America/Jamaica,-5
3751206,jm,18.2000007629395,-76.5667037963867,Canewood,0,America/Jamaica,-5
3751203,jm,17.9500007629395,-76.6999969482422,Cane River,1,America/Jamaica,-5
3751197,jm,18.0167007446289,-76.8000030517578,Camperdown,0,America/Jamaica,-5
3751183,jm,18.2999992370605,-77.8167037963867,Caley,0,America/Jamaica,-5
3751179,jm,18.2667007446289,-78.0333023071289,Caledonia,0,America/Jamaica,-5
3751157,jm,18.0666999816895,-77.6832962036133,Bybrook,0,America/Jamaica,-5
3751140,jm,18.0499992370605,-77.7166976928711,Burnt Ground,0,America/Jamaica,-5
3751131,jm,17.88330078125,-77.5999984741211,Bull Savanna,1,America/Jamaica,-5
3751123,jm,17.9500007629395,-76.6667022705078,Bull Bay,0,America/Jamaica,-5
3751117,jm,18.2332992553711,-76.6667022705078,Buff Bay,0,America/Jamaica,-5
3751108,jm,18.3999996185303,-77.0999984741211,Buckfield,0,America/Jamaica,-5
3751102,jm,18.1833000183105,-76.4666976928711,Bryans Bay,0,America/Jamaica,-5
3751093,jm,18.3999996185303,-77.36669921875,Browns Town,0,America/Jamaica,-5
3751089,jm,18.2332992553711,-76.7332992553711,Brown Hill Village,0,America/Jamaica,-5
